"ID","budburst","bbch.first","leafout","bbch.last","species","individ","bud","frz","tx","dvr","frost","ind"
"BETPAP_G01_1",93,"9",101,"14","BETPAP","BETPAP_G01",1,NA,"A",NA,0,"01"
"BETPAP_G01_10",101,"10",101,"10","BETPAP","BETPAP_G01",10,NA,"A",NA,0,"01"
"BETPAP_G01_11",93,"9",101,"14","BETPAP","BETPAP_G01",11,NA,"A",NA,0,"01"
"BETPAP_G01_12",93,"9",101,"15","BETPAP","BETPAP_G01",12,NA,"A",8,0,"01"
"BETPAP_G01_13",101,"14",101,"14","BETPAP","BETPAP_G01",13,NA,"A",NA,0,"01"
"BETPAP_G01_14",101,"9",101,"9","BETPAP","BETPAP_G01",14,NA,"A",NA,0,"01"
"BETPAP_G01_15",101,"9",101,"9","BETPAP","BETPAP_G01",15,NA,"A",NA,0,"01"
"BETPAP_G01_16",93,"12",101,"15","BETPAP","BETPAP_G01",16,NA,"A",8,0,"01"
"BETPAP_G01_17",93,"10",101,"15","BETPAP","BETPAP_G01",17,NA,"A",8,0,"01"
"BETPAP_G01_18",101,"10",101,"10","BETPAP","BETPAP_G01",18,NA,"A",NA,0,"01"
"BETPAP_G01_19",88,"14",93,"15","BETPAP","BETPAP_G01",19,NA,"A",5,0,"01"
"BETPAP_G01_2",101,"14",101,"14","BETPAP","BETPAP_G01",2,NA,"A",NA,0,"01"
"BETPAP_G01_20",88,"11",93,"15","BETPAP","BETPAP_G01",20,NA,"A",5,0,"01"
"BETPAP_G01_21",88,"13",93,"15","BETPAP","BETPAP_G01",21,NA,"A",5,0,"01"
"BETPAP_G01_23",101,"10",101,"10","BETPAP","BETPAP_G01",23,NA,"A",NA,0,"01"
"BETPAP_G01_24",101,"9",101,"9","BETPAP","BETPAP_G01",24,NA,"A",NA,0,"01"
"BETPAP_G01_25",101,"14",101,"14","BETPAP","BETPAP_G01",25,NA,"A",NA,0,"01"
"BETPAP_G01_3",93,"12",101,"15","BETPAP","BETPAP_G01",3,NA,"A",8,0,"01"
"BETPAP_G01_4",88,"10",93,"15","BETPAP","BETPAP_G01",4,NA,"A",5,0,"01"
"BETPAP_G01_5",88,"13",93,"15","BETPAP","BETPAP_G01",5,NA,"A",5,0,"01"
"BETPAP_G01_6",88,"14",93,"15","BETPAP","BETPAP_G01",6,NA,"A",5,0,"01"
"BETPAP_G01_7",83,"10",93,"15","BETPAP","BETPAP_G01",7,NA,"A",10,0,"01"
"BETPAP_G01_8",83,"10",93,"15","BETPAP","BETPAP_G01",8,NA,"A",10,0,"01"
"BETPAP_G01_9",88,"13",93,"15","BETPAP","BETPAP_G01",9,NA,"A",5,0,"01"
"BETPAP_G02_1",88,"10",93,"15","BETPAP","BETPAP_G02",1,88,"B",5,1,"02"
"BETPAP_G02_10",83,"13",88,"15","BETPAP","BETPAP_G02",10,88,"B",5,1,"02"
"BETPAP_G02_11",88,"12",93,"15","BETPAP","BETPAP_G02",11,88,"B",5,1,"02"
"BETPAP_G02_12",83,"9",93,"15","BETPAP","BETPAP_G02",12,88,"B",10,0,"02"
"BETPAP_G02_13",83,"9",93,"15","BETPAP","BETPAP_G02",13,88,"B",10,0,"02"
"BETPAP_G02_14",83,"10",88,"15","BETPAP","BETPAP_G02",14,88,"B",5,1,"02"
"BETPAP_G02_16",101,"12",101,"12","BETPAP","BETPAP_G02",16,88,"B",NA,1,"02"
"BETPAP_G02_17",101,"9",101,"9","BETPAP","BETPAP_G02",17,88,"B",NA,0,"02"
"BETPAP_G02_18",93,"13",101,"15","BETPAP","BETPAP_G02",18,88,"B",8,1,"02"
"BETPAP_G02_19",93,"12",101,"15","BETPAP","BETPAP_G02",19,88,"B",8,1,"02"
"BETPAP_G02_2",101,"10",101,"10","BETPAP","BETPAP_G02",2,88,"B",NA,1,"02"
"BETPAP_G02_20",101,"10",101,"10","BETPAP","BETPAP_G02",20,88,"B",NA,1,"02"
"BETPAP_G02_21",101,"9",101,"9","BETPAP","BETPAP_G02",21,88,"B",NA,0,"02"
"BETPAP_G02_22",101,"9",101,"9","BETPAP","BETPAP_G02",22,88,"B",NA,0,"02"
"BETPAP_G02_23",101,"9",101,"9","BETPAP","BETPAP_G02",23,88,"B",NA,0,"02"
"BETPAP_G02_3",83,"9",101,"0","BETPAP","BETPAP_G02",3,88,"B",NA,0,"02"
"BETPAP_G02_4",80,"9",101,"0","BETPAP","BETPAP_G02",4,88,"B",NA,0,"02"
"BETPAP_G02_5",83,"9",101,"10","BETPAP","BETPAP_G02",5,88,"B",NA,0,"02"
"BETPAP_G02_6",80,"9",101,"15","BETPAP","BETPAP_G02",6,88,"B",21,0,"02"
"BETPAP_G02_7",80,"9",101,"13","BETPAP","BETPAP_G02",7,88,"B",NA,0,"02"
"BETPAP_G02_8",83,"11",88,"15","BETPAP","BETPAP_G02",8,88,"B",5,1,"02"
"BETPAP_G03_1",109,"13",112,"15","BETPAP","BETPAP_G03",1,NA,"A",3,0,"03"
"BETPAP_G03_10",109,"13",112,"15","BETPAP","BETPAP_G03",10,NA,"A",3,0,"03"
"BETPAP_G03_11",105,"13",109,"15","BETPAP","BETPAP_G03",11,NA,"A",4,0,"03"
"BETPAP_G03_12",105,"9",109,"15","BETPAP","BETPAP_G03",12,NA,"A",4,0,"03"
"BETPAP_G03_13",109,"15",109,"15","BETPAP","BETPAP_G03",13,NA,"A",0,0,"03"
"BETPAP_G03_14",109,"14",112,"15","BETPAP","BETPAP_G03",14,NA,"A",3,0,"03"
"BETPAP_G03_15",93,"9",105,"15","BETPAP","BETPAP_G03",15,NA,"A",12,0,"03"
"BETPAP_G03_16",93,"13",105,"15","BETPAP","BETPAP_G03",16,NA,"A",12,0,"03"
"BETPAP_G03_17",93,"9",109,"15","BETPAP","BETPAP_G03",17,NA,"A",16,0,"03"
"BETPAP_G03_18",105,"9",109,"15","BETPAP","BETPAP_G03",18,NA,"A",4,0,"03"
"BETPAP_G03_2",115,"9",126,"15","BETPAP","BETPAP_G03",2,NA,"A",11,0,"03"
"BETPAP_G03_3",109,"9",112,"15","BETPAP","BETPAP_G03",3,NA,"A",3,0,"03"
"BETPAP_G03_4",115,"9",130,"9","BETPAP","BETPAP_G03",4,NA,"A",NA,0,"03"
"BETPAP_G03_5",126,"9",130,"9","BETPAP","BETPAP_G03",5,NA,"A",NA,0,"03"
"BETPAP_G03_6",130,"9",130,"9","BETPAP","BETPAP_G03",6,NA,"A",NA,0,"03"
"BETPAP_G03_7",109,"14",112,"15","BETPAP","BETPAP_G03",7,NA,"A",3,0,"03"
"BETPAP_G03_8",126,"13",130,"14","BETPAP","BETPAP_G03",8,NA,"A",NA,0,"03"
"BETPAP_G03_9",105,"13",109,"15","BETPAP","BETPAP_G03",9,NA,"A",4,0,"03"
"BETPAP_G04_1",124,"10",136,"13","BETPAP","BETPAP_G04",1,NA,"A",NA,0,"04"
"BETPAP_G04_10",130,"14",136,"15","BETPAP","BETPAP_G04",10,NA,"A",6,0,"04"
"BETPAP_G04_11",126,"15",126,"15","BETPAP","BETPAP_G04",11,NA,"A",0,0,"04"
"BETPAP_G04_12",126,"14",130,"15","BETPAP","BETPAP_G04",12,NA,"A",4,0,"04"
"BETPAP_G04_13",124,"11",126,"15","BETPAP","BETPAP_G04",13,NA,"A",2,0,"04"
"BETPAP_G04_14",124,"11",126,"15","BETPAP","BETPAP_G04",14,NA,"A",2,0,"04"
"BETPAP_G04_15",124,"10",126,"15","BETPAP","BETPAP_G04",15,NA,"A",2,0,"04"
"BETPAP_G04_16",126,"14",130,"15","BETPAP","BETPAP_G04",16,NA,"A",4,0,"04"
"BETPAP_G04_2",130,"9",136,"15","BETPAP","BETPAP_G04",2,NA,"A",6,0,"04"
"BETPAP_G04_20",124,"15",124,"15","BETPAP","BETPAP_G04",20,NA,"A",0,0,"04"
"BETPAP_G04_21",124,"15",124,"15","BETPAP","BETPAP_G04",21,NA,"A",0,0,"04"
"BETPAP_G04_3",124,"10",126,"15","BETPAP","BETPAP_G04",3,NA,"A",2,0,"04"
"BETPAP_G04_4",130,"9",130,"9","BETPAP","BETPAP_G04",4,NA,"A",NA,0,"04"
"BETPAP_G04_6",124,"11",126,"15","BETPAP","BETPAP_G04",6,NA,"A",2,0,"04"
"BETPAP_G04_8",130,"9",136,"15","BETPAP","BETPAP_G04",8,NA,"A",6,0,"04"
"BETPAP_G04_9",130,"15",130,"15","BETPAP","BETPAP_G04",9,NA,"A",0,0,"04"
"BETPAP_G05_1",93,"9",109,"15","BETPAP","BETPAP_G05",1,NA,"A",16,0,"05"
"BETPAP_G05_10",112,"11",115,"15","BETPAP","BETPAP_G05",10,NA,"A",3,0,"05"
"BETPAP_G05_11",112,"14",115,"15","BETPAP","BETPAP_G05",11,NA,"A",3,0,"05"
"BETPAP_G05_12",105,"10",109,"15","BETPAP","BETPAP_G05",12,NA,"A",4,0,"05"
"BETPAP_G05_13",112,"13",115,"15","BETPAP","BETPAP_G05",13,NA,"A",3,0,"05"
"BETPAP_G05_15",105,"15",105,"15","BETPAP","BETPAP_G05",15,NA,"A",0,0,"05"
"BETPAP_G05_16",105,"15",105,"15","BETPAP","BETPAP_G05",16,NA,"A",0,0,"05"
"BETPAP_G05_18",109,"15",109,"15","BETPAP","BETPAP_G05",18,NA,"A",0,0,"05"
"BETPAP_G05_19",115,"13",126,"13","BETPAP","BETPAP_G05",19,NA,"A",NA,0,"05"
"BETPAP_G05_2",93,"9",112,"15","BETPAP","BETPAP_G05",2,NA,"A",19,0,"05"
"BETPAP_G05_20",115,"13",126,"13","BETPAP","BETPAP_G05",20,NA,"A",NA,0,"05"
"BETPAP_G05_21",109,"13",112,"15","BETPAP","BETPAP_G05",21,NA,"A",3,0,"05"
"BETPAP_G05_22",112,"10",115,"15","BETPAP","BETPAP_G05",22,NA,"A",3,0,"05"
"BETPAP_G05_3",93,"9",112,"15","BETPAP","BETPAP_G05",3,NA,"A",19,0,"05"
"BETPAP_G05_4",93,"9",109,"15","BETPAP","BETPAP_G05",4,NA,"A",16,0,"05"
"BETPAP_G05_5",109,"10",112,"15","BETPAP","BETPAP_G05",5,NA,"A",3,0,"05"
"BETPAP_G05_6",124,"9",126,"9","BETPAP","BETPAP_G05",6,NA,"A",NA,0,"05"
"BETPAP_G05_7",112,"14",115,"15","BETPAP","BETPAP_G05",7,NA,"A",3,0,"05"
"BETPAP_G05_8",109,"9",112,"15","BETPAP","BETPAP_G05",8,NA,"A",3,0,"05"
"BETPAP_G06_1",35,"9",52,"15","BETPAP","BETPAP_G06",1,NA,"A",17,0,"06"
"BETPAP_G06_10",38,"15",38,"15","BETPAP","BETPAP_G06",10,NA,"A",0,0,"06"
"BETPAP_G06_11",38,"10",43,"15","BETPAP","BETPAP_G06",11,NA,"A",5,0,"06"
"BETPAP_G06_12",38,"9",47,"15","BETPAP","BETPAP_G06",12,NA,"A",9,0,"06"
"BETPAP_G06_13",38,"9",50,"15","BETPAP","BETPAP_G06",13,NA,"A",12,0,"06"
"BETPAP_G06_14",38,"10",50,"15","BETPAP","BETPAP_G06",14,NA,"A",12,0,"06"
"BETPAP_G06_15",38,"9",50,"15","BETPAP","BETPAP_G06",15,NA,"A",12,0,"06"
"BETPAP_G06_16",40,"9",50,"9","BETPAP","BETPAP_G06",16,NA,"A",NA,0,"06"
"BETPAP_G06_17",38,"10",50,"15","BETPAP","BETPAP_G06",17,NA,"A",12,0,"06"
"BETPAP_G06_18",35,"9",50,"15","BETPAP","BETPAP_G06",18,NA,"A",15,0,"06"
"BETPAP_G06_19",35,"9",47,"15","BETPAP","BETPAP_G06",19,NA,"A",12,0,"06"
"BETPAP_G06_2",35,"9",50,"15","BETPAP","BETPAP_G06",2,NA,"A",15,0,"06"
"BETPAP_G06_20",35,"9",50,"15","BETPAP","BETPAP_G06",20,NA,"A",15,0,"06"
"BETPAP_G06_3",35,"9",50,"11","BETPAP","BETPAP_G06",3,NA,"A",NA,0,"06"
"BETPAP_G06_4",35,"9",50,"15","BETPAP","BETPAP_G06",4,NA,"A",15,0,"06"
"BETPAP_G06_5",38,"9",50,"14","BETPAP","BETPAP_G06",5,NA,"A",NA,0,"06"
"BETPAP_G06_6",38,"9",50,"13","BETPAP","BETPAP_G06",6,NA,"A",NA,0,"06"
"BETPAP_G06_7",38,"9",50,"10","BETPAP","BETPAP_G06",7,NA,"A",NA,0,"06"
"BETPAP_G06_8",38,"14",40,"15","BETPAP","BETPAP_G06",8,NA,"A",2,0,"06"
"BETPAP_G06_9",38,"15",38,"15","BETPAP","BETPAP_G06",9,NA,"A",0,0,"06"
"BETPAP_G07_1",83,"11",88,"15","BETPAP","BETPAP_G07",1,NA,"A",5,0,"07"
"BETPAP_G07_10",88,"9",88,"9","BETPAP","BETPAP_G07",10,NA,"A",NA,0,"07"
"BETPAP_G07_11",80,"9",88,"15","BETPAP","BETPAP_G07",11,NA,"A",8,0,"07"
"BETPAP_G07_12",60,"9",88,"15","BETPAP","BETPAP_G07",12,NA,"A",28,0,"07"
"BETPAP_G07_13",73,"9",88,"15","BETPAP","BETPAP_G07",13,NA,"A",15,0,"07"
"BETPAP_G07_14",52,"9",83,"15","BETPAP","BETPAP_G07",14,NA,"A",31,0,"07"
"BETPAP_G07_15",56,"9",88,"15","BETPAP","BETPAP_G07",15,NA,"A",32,0,"07"
"BETPAP_G07_16",50,"10",56,"15","BETPAP","BETPAP_G07",16,NA,"A",6,0,"07"
"BETPAP_G07_17",50,"10",60,"15","BETPAP","BETPAP_G07",17,NA,"A",10,0,"07"
"BETPAP_G07_2",88,"10",88,"10","BETPAP","BETPAP_G07",2,NA,"A",NA,0,"07"
"BETPAP_G07_5",88,"11",88,"11","BETPAP","BETPAP_G07",5,NA,"A",NA,0,"07"
"BETPAP_G07_6",88,"12",88,"12","BETPAP","BETPAP_G07",6,NA,"A",NA,0,"07"
"BETPAP_G07_7",88,"11",88,"11","BETPAP","BETPAP_G07",7,NA,"A",NA,0,"07"
"BETPAP_G07_8",88,"13",88,"13","BETPAP","BETPAP_G07",8,NA,"A",NA,0,"07"
"BETPAP_G07_9",88,"13",88,"13","BETPAP","BETPAP_G07",9,NA,"A",NA,0,"07"
"BETPAP_G08_1",14,"10",24,"15","BETPAP","BETPAP_G08",1,17,"B",10,1,"08"
"BETPAP_G08_2",14,"9",24,"15","BETPAP","BETPAP_G08",2,17,"B",10,0,"08"
"BETPAP_G08_3",14,"10",24,"15","BETPAP","BETPAP_G08",3,17,"B",10,1,"08"
"BETPAP_G08_4",14,"9",24,"15","BETPAP","BETPAP_G08",4,17,"B",10,0,"08"
"BETPAP_G08_5",14,"9",50,"12","BETPAP","BETPAP_G08",5,17,"B",NA,0,"08"
"BETPAP_G08_6",47,"9",50,"9","BETPAP","BETPAP_G08",6,17,"B",NA,0,"08"
"BETPAP_G08_7",14,"10",17,"15","BETPAP","BETPAP_G08",7,17,"B",3,1,"08"
"BETPAP_G08_8",14,"15",17,"15","BETPAP","BETPAP_G08",8,17,"B",3,1,"08"
"BETPAP_G08_9",14,"13",17,"15","BETPAP","BETPAP_G08",9,17,"B",3,1,"08"
"BETPAP_G09_1",52,"9",80,"15","BETPAP","BETPAP_G09",1,NA,"A",28,0,"09"
"BETPAP_G09_10",83,"10",88,"15","BETPAP","BETPAP_G09",10,NA,"A",5,0,"09"
"BETPAP_G09_11",73,"9",83,"15","BETPAP","BETPAP_G09",11,NA,"A",10,0,"09"
"BETPAP_G09_12",67,"9",80,"15","BETPAP","BETPAP_G09",12,NA,"A",13,0,"09"
"BETPAP_G09_13",73,"9",88,"15","BETPAP","BETPAP_G09",13,NA,"A",15,0,"09"
"BETPAP_G09_14",80,"9",80,"9","BETPAP","BETPAP_G09",14,NA,"A",NA,0,"09"
"BETPAP_G09_2",52,"10",67,"15","BETPAP","BETPAP_G09",2,NA,"A",15,0,"09"
"BETPAP_G09_3",52,"9",67,"15","BETPAP","BETPAP_G09",3,NA,"A",15,0,"09"
"BETPAP_G09_4",56,"9",69,"15","BETPAP","BETPAP_G09",4,NA,"A",13,0,"09"
"BETPAP_G09_5",67,"9",88,"15","BETPAP","BETPAP_G09",5,NA,"A",21,0,"09"
"BETPAP_G09_6",67,"9",88,"12","BETPAP","BETPAP_G09",6,NA,"A",NA,0,"09"
"BETPAP_G09_7",88,"13",88,"13","BETPAP","BETPAP_G09",7,NA,"A",NA,0,"09"
"BETPAP_G09_8",88,"12",88,"12","BETPAP","BETPAP_G09",8,NA,"A",NA,0,"09"
"BETPAP_G09_9",88,"13",88,"13","BETPAP","BETPAP_G09",9,NA,"A",NA,0,"09"
"BETPAP_G10_1",47,"15",80,"15","BETPAP","BETPAP_G10",1,67,"B",33,1,"10"
"BETPAP_G10_10",35,"9",50,"15","BETPAP","BETPAP_G10",10,67,"B",15,0,"10"
"BETPAP_G10_11",67,"9",80,"10","BETPAP","BETPAP_G10",11,67,"B",NA,0,"10"
"BETPAP_G10_12",76,"9",80,"10","BETPAP","BETPAP_G10",12,67,"B",NA,0,"10"
"BETPAP_G10_13",47,"10",80,"10","BETPAP","BETPAP_G10",13,67,"B",NA,1,"10"
"BETPAP_G10_2",47,"9",60,"15","BETPAP","BETPAP_G10",2,67,"B",13,0,"10"
"BETPAP_G10_3",67,"10",76,"15","BETPAP","BETPAP_G10",3,67,"B",9,1,"10"
"BETPAP_G10_4",67,"9",76,"15","BETPAP","BETPAP_G10",4,67,"B",9,0,"10"
"BETPAP_G10_5",62,"9",76,"15","BETPAP","BETPAP_G10",5,67,"B",14,0,"10"
"BETPAP_G10_6",60,"9",76,"15","BETPAP","BETPAP_G10",6,67,"B",16,0,"10"
"BETPAP_G10_7",56,"9",69,"15","BETPAP","BETPAP_G10",7,67,"B",13,0,"10"
"BETPAP_G10_8",60,"9",76,"15","BETPAP","BETPAP_G10",8,67,"B",16,0,"10"
"BETPAP_G10_9",67,"9",76,"14","BETPAP","BETPAP_G10",9,67,"B",NA,0,"10"
"BETPAP_G11_1",52,"9",101,"15","BETPAP","BETPAP_G11",1,83,"B",49,0,"11"
"BETPAP_G11_10",93,"15",93,"15","BETPAP","BETPAP_G11",10,83,"B",0,1,"11"
"BETPAP_G11_11",93,"15",93,"15","BETPAP","BETPAP_G11",11,83,"B",0,1,"11"
"BETPAP_G11_12",80,"9",88,"15","BETPAP","BETPAP_G11",12,83,"B",8,0,"11"
"BETPAP_G11_13",73,"10",80,"15","BETPAP","BETPAP_G11",13,83,"B",7,1,"11"
"BETPAP_G11_14",88,"13",93,"15","BETPAP","BETPAP_G11",14,83,"B",5,1,"11"
"BETPAP_G11_15",93,"15",93,"15","BETPAP","BETPAP_G11",15,83,"B",0,1,"11"
"BETPAP_G11_16",93,"15",93,"15","BETPAP","BETPAP_G11",16,83,"B",0,1,"11"
"BETPAP_G11_17",38,"10",93,"0","BETPAP","BETPAP_G11",17,83,"B",NA,1,"11"
"BETPAP_G11_18",47,"9",93,"0","BETPAP","BETPAP_G11",18,83,"B",NA,0,"11"
"BETPAP_G11_2",93,"13",101,"15","BETPAP","BETPAP_G11",2,83,"B",8,1,"11"
"BETPAP_G11_22",50,"9",80,"15","BETPAP","BETPAP_G11",22,83,"B",30,0,"11"
"BETPAP_G11_23",76,"9",83,"15","BETPAP","BETPAP_G11",23,83,"B",7,0,"11"
"BETPAP_G11_24",52,"9",80,"15","BETPAP","BETPAP_G11",24,83,"B",28,0,"11"
"BETPAP_G11_25",93,"15",93,"15","BETPAP","BETPAP_G11",25,83,"B",0,1,"11"
"BETPAP_G11_26",93,"15",93,"15","BETPAP","BETPAP_G11",26,83,"B",0,1,"11"
"BETPAP_G11_27",93,"10",93,"10","BETPAP","BETPAP_G11",27,83,"B",NA,1,"11"
"BETPAP_G11_3",93,"15",93,"15","BETPAP","BETPAP_G11",3,83,"B",0,1,"11"
"BETPAP_G11_4",93,"15",93,"15","BETPAP","BETPAP_G11",4,83,"B",0,1,"11"
"BETPAP_G11_5",93,"14",101,"15","BETPAP","BETPAP_G11",5,83,"B",8,1,"11"
"BETPAP_G11_6",80,"9",93,"0","BETPAP","BETPAP_G11",6,83,"B",NA,0,"11"
"BETPAP_G11_7",73,"11",93,"0","BETPAP","BETPAP_G11",7,83,"B",NA,1,"11"
"BETPAP_G11_8",88,"0",93,"15","BETPAP","BETPAP_G11",8,83,"B",5,1,"11"
"BETPAP_G11_9",76,"9",93,"0","BETPAP","BETPAP_G11",9,83,"B",NA,0,"11"
"BETPAP_G12_1",38,"9",50,"15","BETPAP","BETPAP_G12",1,60,"B",12,0,"12"
"BETPAP_G12_10",35,"10",43,"15","BETPAP","BETPAP_G12",10,60,"B",8,1,"12"
"BETPAP_G12_11",35,"11",38,"15","BETPAP","BETPAP_G12",11,60,"B",3,1,"12"
"BETPAP_G12_12",47,"11",52,"15","BETPAP","BETPAP_G12",12,60,"B",5,1,"12"
"BETPAP_G12_14",80,"10",80,"10","BETPAP","BETPAP_G12",14,60,"B",NA,1,"12"
"BETPAP_G12_16",73,"9",80,"15","BETPAP","BETPAP_G12",16,60,"B",7,0,"12"
"BETPAP_G12_17",73,"9",80,"15","BETPAP","BETPAP_G12",17,60,"B",7,0,"12"
"BETPAP_G12_18",80,"15",80,"15","BETPAP","BETPAP_G12",18,60,"B",0,1,"12"
"BETPAP_G12_19",73,"14",76,"15","BETPAP","BETPAP_G12",19,60,"B",3,1,"12"
"BETPAP_G12_2",50,"9",56,"15","BETPAP","BETPAP_G12",2,60,"B",6,0,"12"
"BETPAP_G12_3",50,"9",62,"15","BETPAP","BETPAP_G12",3,60,"B",12,0,"12"
"BETPAP_G12_4",62,"9",73,"15","BETPAP","BETPAP_G12",4,60,"B",11,0,"12"
"BETPAP_G12_5",52,"9",67,"15","BETPAP","BETPAP_G12",5,60,"B",15,0,"12"
"BETPAP_G12_6",67,"9",76,"15","BETPAP","BETPAP_G12",6,60,"B",9,0,"12"
"BETPAP_G12_7",67,"9",80,"10","BETPAP","BETPAP_G12",7,60,"B",NA,0,"12"
"BETPAP_G12_8",47,"11",52,"15","BETPAP","BETPAP_G12",8,60,"B",5,1,"12"
"BETPAP_G12_9",73,"10",80,"15","BETPAP","BETPAP_G12",9,60,"B",7,1,"12"
"BETPAP_G13_1",56,"9",80,"14","BETPAP","BETPAP_G13",1,67,"B",NA,0,"13"
"BETPAP_G13_10",62,"9",76,"15","BETPAP","BETPAP_G13",10,67,"B",14,0,"13"
"BETPAP_G13_11",67,"9",80,"9","BETPAP","BETPAP_G13",11,67,"B",NA,0,"13"
"BETPAP_G13_2",56,"9",76,"15","BETPAP","BETPAP_G13",2,67,"B",20,0,"13"
"BETPAP_G13_3",56,"9",73,"15","BETPAP","BETPAP_G13",3,67,"B",17,0,"13"
"BETPAP_G13_4",80,"9",80,"9","BETPAP","BETPAP_G13",4,67,"B",NA,0,"13"
"BETPAP_G13_5",56,"9",69,"15","BETPAP","BETPAP_G13",5,67,"B",13,0,"13"
"BETPAP_G13_6",80,"10",80,"10","BETPAP","BETPAP_G13",6,67,"B",NA,1,"13"
"BETPAP_G13_7",67,"10",80,"15","BETPAP","BETPAP_G13",7,67,"B",13,1,"13"
"BETPAP_G13_8",56,"9",69,"15","BETPAP","BETPAP_G13",8,67,"B",13,0,"13"
"BETPAP_G13_9",67,"10",76,"15","BETPAP","BETPAP_G13",9,67,"B",9,1,"13"
"BETPAP_G14_1",88,"13",88,"13","BETPAP","BETPAP_G14",1,53,"B",NA,1,"14"
"BETPAP_G14_10",80,"9",88,"15","BETPAP","BETPAP_G14",10,53,"B",8,0,"14"
"BETPAP_G14_11",80,"9",88,"15","BETPAP","BETPAP_G14",11,53,"B",8,0,"14"
"BETPAP_G14_12",80,"15",80,"15","BETPAP","BETPAP_G14",12,53,"B",0,1,"14"
"BETPAP_G14_13",50,"9",73,"15","BETPAP","BETPAP_G14",13,53,"B",23,0,"14"
"BETPAP_G14_14",67,"10",76,"15","BETPAP","BETPAP_G14",14,53,"B",9,1,"14"
"BETPAP_G14_15",52,"9",73,"15","BETPAP","BETPAP_G14",15,53,"B",21,0,"14"
"BETPAP_G14_16",47,"9",62,"15","BETPAP","BETPAP_G14",16,53,"B",15,0,"14"
"BETPAP_G14_17",20,"9",62,"15","BETPAP","BETPAP_G14",17,53,"B",42,0,"14"
"BETPAP_G14_18",40,"10",52,"15","BETPAP","BETPAP_G14",18,53,"B",12,1,"14"
"BETPAP_G14_19",31,"9",52,"15","BETPAP","BETPAP_G14",19,53,"B",21,0,"14"
"BETPAP_G14_2",83,"9",88,"14","BETPAP","BETPAP_G14",2,53,"B",NA,0,"14"
"BETPAP_G14_20",24,"9",67,"15","BETPAP","BETPAP_G14",20,53,"B",43,0,"14"
"BETPAP_G14_21",24,"9",62,"15","BETPAP","BETPAP_G14",21,53,"B",38,0,"14"
"BETPAP_G14_22",24,"9",56,"15","BETPAP","BETPAP_G14",22,53,"B",32,0,"14"
"BETPAP_G14_23",24,"9",50,"15","BETPAP","BETPAP_G14",23,53,"B",26,0,"14"
"BETPAP_G14_24",24,"9",67,"15","BETPAP","BETPAP_G14",24,53,"B",43,0,"14"
"BETPAP_G14_25",24,"9",62,"15","BETPAP","BETPAP_G14",25,53,"B",38,0,"14"
"BETPAP_G14_3",73,"9",83,"15","BETPAP","BETPAP_G14",3,53,"B",10,0,"14"
"BETPAP_G14_4",73,"9",83,"15","BETPAP","BETPAP_G14",4,53,"B",10,0,"14"
"BETPAP_G14_5",56,"9",73,"15","BETPAP","BETPAP_G14",5,53,"B",17,0,"14"
"BETPAP_G14_6",50,"9",73,"15","BETPAP","BETPAP_G14",6,53,"B",23,0,"14"
"BETPAP_G14_7",73,"10",80,"15","BETPAP","BETPAP_G14",7,53,"B",7,1,"14"
"BETPAP_G14_8",35,"9",56,"15","BETPAP","BETPAP_G14",8,53,"B",21,0,"14"
"BETPAP_G14_9",47,"9",73,"15","BETPAP","BETPAP_G14",9,53,"B",26,0,"14"
"BETPOP_W01_1",31,"10",38,"15","BETPOP","BETPOP_W01",1,NA,"A",7,0,"01"
"BETPOP_W01_10",31,"9",38,"15","BETPOP","BETPOP_W01",10,NA,"A",7,0,"01"
"BETPOP_W01_11",31,"9",38,"15","BETPOP","BETPOP_W01",11,NA,"A",7,0,"01"
"BETPOP_W01_12",24,"10",35,"15","BETPOP","BETPOP_W01",12,NA,"A",11,0,"01"
"BETPOP_W01_13",24,"9",38,"15","BETPOP","BETPOP_W01",13,NA,"A",14,0,"01"
"BETPOP_W01_14",31,"11",38,"15","BETPOP","BETPOP_W01",14,NA,"A",7,0,"01"
"BETPOP_W01_15",31,"10",38,"15","BETPOP","BETPOP_W01",15,NA,"A",7,0,"01"
"BETPOP_W01_16",24,"10",35,"15","BETPOP","BETPOP_W01",16,NA,"A",11,0,"01"
"BETPOP_W01_17",24,"10",35,"15","BETPOP","BETPOP_W01",17,NA,"A",11,0,"01"
"BETPOP_W01_18",24,"9",38,"15","BETPOP","BETPOP_W01",18,NA,"A",14,0,"01"
"BETPOP_W01_19",24,"9",35,"15","BETPOP","BETPOP_W01",19,NA,"A",11,0,"01"
"BETPOP_W01_2",31,"10",38,"15","BETPOP","BETPOP_W01",2,NA,"A",7,0,"01"
"BETPOP_W01_20",17,"10",31,"15","BETPOP","BETPOP_W01",20,NA,"A",14,0,"01"
"BETPOP_W01_21",24,"10",35,"15","BETPOP","BETPOP_W01",21,NA,"A",11,0,"01"
"BETPOP_W01_22",24,"9",35,"15","BETPOP","BETPOP_W01",22,NA,"A",11,0,"01"
"BETPOP_W01_23",24,"11",31,"15","BETPOP","BETPOP_W01",23,NA,"A",7,0,"01"
"BETPOP_W01_24",24,"11",31,"15","BETPOP","BETPOP_W01",24,NA,"A",7,0,"01"
"BETPOP_W01_25",24,"9",35,"15","BETPOP","BETPOP_W01",25,NA,"A",11,0,"01"
"BETPOP_W01_3",31,"10",38,"15","BETPOP","BETPOP_W01",3,NA,"A",7,0,"01"
"BETPOP_W01_4",31,"11",38,"15","BETPOP","BETPOP_W01",4,NA,"A",7,0,"01"
"BETPOP_W01_5",24,"9",38,"15","BETPOP","BETPOP_W01",5,NA,"A",14,0,"01"
"BETPOP_W01_6",24,"9",38,"14","BETPOP","BETPOP_W01",6,NA,"A",NA,0,"01"
"BETPOP_W01_7",24,"9",38,"14","BETPOP","BETPOP_W01",7,NA,"A",NA,0,"01"
"BETPOP_W01_8",24,"9",38,"15","BETPOP","BETPOP_W01",8,NA,"A",14,0,"01"
"BETPOP_W01_9",24,"9",38,"15","BETPOP","BETPOP_W01",9,NA,"A",14,0,"01"
"BETPOP_W02_1",31,"9",40,"15","BETPOP","BETPOP_W02",1,31,"B",9,0,"02"
"BETPOP_W02_11",20,"9",31,"15","BETPOP","BETPOP_W02",11,31,"B",11,0,"02"
"BETPOP_W02_12",20,"9",31,"15","BETPOP","BETPOP_W02",12,31,"B",11,0,"02"
"BETPOP_W02_13",20,"10",31,"15","BETPOP","BETPOP_W02",13,31,"B",11,1,"02"
"BETPOP_W02_14",24,"9",35,"15","BETPOP","BETPOP_W02",14,31,"B",11,0,"02"
"BETPOP_W02_16",20,"9",35,"15","BETPOP","BETPOP_W02",16,31,"B",15,0,"02"
"BETPOP_W02_17",14,"9",24,"15","BETPOP","BETPOP_W02",17,31,"B",10,0,"02"
"BETPOP_W02_18",14,"9",31,"15","BETPOP","BETPOP_W02",18,31,"B",17,0,"02"
"BETPOP_W02_19",14,"9",31,"15","BETPOP","BETPOP_W02",19,31,"B",17,0,"02"
"BETPOP_W02_2",31,"9",38,"15","BETPOP","BETPOP_W02",2,31,"B",7,0,"02"
"BETPOP_W02_20",24,"10",35,"15","BETPOP","BETPOP_W02",20,31,"B",11,1,"02"
"BETPOP_W02_21",24,"9",35,"15","BETPOP","BETPOP_W02",21,31,"B",11,0,"02"
"BETPOP_W02_22",24,"9",35,"15","BETPOP","BETPOP_W02",22,31,"B",11,0,"02"
"BETPOP_W02_23",24,"9",31,"15","BETPOP","BETPOP_W02",23,31,"B",7,0,"02"
"BETPOP_W02_24",24,"10",35,"15","BETPOP","BETPOP_W02",24,31,"B",11,1,"02"
"BETPOP_W02_25",24,"9",35,"15","BETPOP","BETPOP_W02",25,31,"B",11,0,"02"
"BETPOP_W02_26",14,"10",20,"15","BETPOP","BETPOP_W02",26,31,"B",6,1,"02"
"BETPOP_W02_27",14,"9",31,"15","BETPOP","BETPOP_W02",27,31,"B",17,0,"02"
"BETPOP_W02_28",14,"10",31,"15","BETPOP","BETPOP_W02",28,31,"B",17,1,"02"
"BETPOP_W02_29",14,"9",31,"15","BETPOP","BETPOP_W02",29,31,"B",17,0,"02"
"BETPOP_W02_3",31,"10",38,"15","BETPOP","BETPOP_W02",3,31,"B",7,1,"02"
"BETPOP_W02_30",14,"9",24,"15","BETPOP","BETPOP_W02",30,31,"B",10,0,"02"
"BETPOP_W02_4",31,"12",35,"14","BETPOP","BETPOP_W02",4,31,"B",NA,1,"02"
"BETPOP_W02_5",24,"10",31,"15","BETPOP","BETPOP_W02",5,31,"B",7,1,"02"
"BETPOP_W02_6",24,"9",35,"15","BETPOP","BETPOP_W02",6,31,"B",11,0,"02"
"BETPOP_W02_7",24,"9",31,"15","BETPOP","BETPOP_W02",7,31,"B",7,0,"02"
"BETPOP_W02_8",24,"10",31,"14","BETPOP","BETPOP_W02",8,31,"B",NA,1,"02"
"BETPOP_W02_9",35,"15",35,"15","BETPOP","BETPOP_W02",9,31,"B",0,1,"02"
"BETPOP_W03_1",31,"9",38,"15","BETPOP","BETPOP_W03",1,NA,"A",7,0,"03"
"BETPOP_W03_10",38,"9",47,"15","BETPOP","BETPOP_W03",10,NA,"A",9,0,"03"
"BETPOP_W03_11",35,"9",43,"15","BETPOP","BETPOP_W03",11,NA,"A",8,0,"03"
"BETPOP_W03_12",35,"9",43,"15","BETPOP","BETPOP_W03",12,NA,"A",8,0,"03"
"BETPOP_W03_13",47,"10",47,"10","BETPOP","BETPOP_W03",13,NA,"A",NA,0,"03"
"BETPOP_W03_14",20,"9",35,"15","BETPOP","BETPOP_W03",14,NA,"A",15,0,"03"
"BETPOP_W03_15",31,"11",38,"15","BETPOP","BETPOP_W03",15,NA,"A",7,0,"03"
"BETPOP_W03_16",31,"11",38,"15","BETPOP","BETPOP_W03",16,NA,"A",7,0,"03"
"BETPOP_W03_17",31,"10",35,"15","BETPOP","BETPOP_W03",17,NA,"A",4,0,"03"
"BETPOP_W03_18",20,"9",35,"15","BETPOP","BETPOP_W03",18,NA,"A",15,0,"03"
"BETPOP_W03_19",24,"9",31,"15","BETPOP","BETPOP_W03",19,NA,"A",7,0,"03"
"BETPOP_W03_2",31,"9",40,"15","BETPOP","BETPOP_W03",2,NA,"A",9,0,"03"
"BETPOP_W03_20",24,"9",35,"15","BETPOP","BETPOP_W03",20,NA,"A",11,0,"03"
"BETPOP_W03_21",20,"9",31,"15","BETPOP","BETPOP_W03",21,NA,"A",11,0,"03"
"BETPOP_W03_22",20,"9",31,"15","BETPOP","BETPOP_W03",22,NA,"A",11,0,"03"
"BETPOP_W03_23",20,"9",31,"15","BETPOP","BETPOP_W03",23,NA,"A",11,0,"03"
"BETPOP_W03_24",24,"10",35,"15","BETPOP","BETPOP_W03",24,NA,"A",11,0,"03"
"BETPOP_W03_25",20,"9",35,"15","BETPOP","BETPOP_W03",25,NA,"A",15,0,"03"
"BETPOP_W03_26",24,"9",31,"15","BETPOP","BETPOP_W03",26,NA,"A",7,0,"03"
"BETPOP_W03_27",24,"10",31,"15","BETPOP","BETPOP_W03",27,NA,"A",7,0,"03"
"BETPOP_W03_28",24,"9",31,"15","BETPOP","BETPOP_W03",28,NA,"A",7,0,"03"
"BETPOP_W03_29",14,"9",24,"15","BETPOP","BETPOP_W03",29,NA,"A",10,0,"03"
"BETPOP_W03_3",31,"10",38,"15","BETPOP","BETPOP_W03",3,NA,"A",7,0,"03"
"BETPOP_W03_30",14,"9",24,"15","BETPOP","BETPOP_W03",30,NA,"A",10,0,"03"
"BETPOP_W03_31",14,"9",24,"15","BETPOP","BETPOP_W03",31,NA,"A",10,0,"03"
"BETPOP_W03_32",14,"9",24,"15","BETPOP","BETPOP_W03",32,NA,"A",10,0,"03"
"BETPOP_W03_4",31,"10",38,"15","BETPOP","BETPOP_W03",4,NA,"A",7,0,"03"
"BETPOP_W03_5",31,"9",40,"15","BETPOP","BETPOP_W03",5,NA,"A",9,0,"03"
"BETPOP_W03_6",31,"10",40,"15","BETPOP","BETPOP_W03",6,NA,"A",9,0,"03"
"BETPOP_W03_7",35,"9",40,"15","BETPOP","BETPOP_W03",7,NA,"A",5,0,"03"
"BETPOP_W03_8",20,"9",35,"15","BETPOP","BETPOP_W03",8,NA,"A",15,0,"03"
"BETPOP_W03_9",31,"12",38,"15","BETPOP","BETPOP_W03",9,NA,"A",7,0,"03"
"BETPOP_W04_1",38,"9",50,"15","BETPOP","BETPOP_W04",1,43,"B",12,0,"04"
"BETPOP_W04_2",38,"9",50,"14","BETPOP","BETPOP_W04",2,43,"B",NA,0,"04"
"BETPOP_W04_3",38,"9",50,"14","BETPOP","BETPOP_W04",3,43,"B",NA,0,"04"
"BETPOP_W04_4",38,"9",50,"15","BETPOP","BETPOP_W04",4,43,"B",12,0,"04"
"BETPOP_W04_5",38,"9",50,"14","BETPOP","BETPOP_W04",5,43,"B",NA,0,"04"
"BETPOP_W04_6",38,"9",50,"14","BETPOP","BETPOP_W04",6,43,"B",NA,0,"04"
"BETPOP_W04_7",38,"10",50,"15","BETPOP","BETPOP_W04",7,43,"B",12,1,"04"
"BETPOP_W04_8",38,"9",50,"15","BETPOP","BETPOP_W04",8,43,"B",12,0,"04"
"BETPOP_W05_1",38,"9",50,"15","BETPOP","BETPOP_W05",1,NA,"A",12,0,"05"
"BETPOP_W05_10",35,"9",43,"15","BETPOP","BETPOP_W05",10,NA,"A",8,0,"05"
"BETPOP_W05_11",35,"10",43,"15","BETPOP","BETPOP_W05",11,NA,"A",8,0,"05"
"BETPOP_W05_12",35,"9",47,"15","BETPOP","BETPOP_W05",12,NA,"A",12,0,"05"
"BETPOP_W05_13",35,"9",50,"15","BETPOP","BETPOP_W05",13,NA,"A",15,0,"05"
"BETPOP_W05_14",35,"9",47,"15","BETPOP","BETPOP_W05",14,NA,"A",12,0,"05"
"BETPOP_W05_15",35,"9",47,"15","BETPOP","BETPOP_W05",15,NA,"A",12,0,"05"
"BETPOP_W05_16",35,"9",43,"15","BETPOP","BETPOP_W05",16,NA,"A",8,0,"05"
"BETPOP_W05_17",40,"9",50,"14","BETPOP","BETPOP_W05",17,NA,"A",NA,0,"05"
"BETPOP_W05_18",38,"9",50,"15","BETPOP","BETPOP_W05",18,NA,"A",12,0,"05"
"BETPOP_W05_19",40,"9",50,"13","BETPOP","BETPOP_W05",19,NA,"A",NA,0,"05"
"BETPOP_W05_2",38,"9",50,"15","BETPOP","BETPOP_W05",2,NA,"A",12,0,"05"
"BETPOP_W05_20",31,"9",38,"15","BETPOP","BETPOP_W05",20,NA,"A",7,0,"05"
"BETPOP_W05_21",35,"9",43,"15","BETPOP","BETPOP_W05",21,NA,"A",8,0,"05"
"BETPOP_W05_22",35,"10",43,"15","BETPOP","BETPOP_W05",22,NA,"A",8,0,"05"
"BETPOP_W05_23",35,"10",43,"15","BETPOP","BETPOP_W05",23,NA,"A",8,0,"05"
"BETPOP_W05_24",38,"10",50,"15","BETPOP","BETPOP_W05",24,NA,"A",12,0,"05"
"BETPOP_W05_3",38,"9",50,"15","BETPOP","BETPOP_W05",3,NA,"A",12,0,"05"
"BETPOP_W05_4",38,"9",47,"15","BETPOP","BETPOP_W05",4,NA,"A",9,0,"05"
"BETPOP_W05_5",38,"9",50,"15","BETPOP","BETPOP_W05",5,NA,"A",12,0,"05"
"BETPOP_W05_6",40,"9",50,"11","BETPOP","BETPOP_W05",6,NA,"A",NA,0,"05"
"BETPOP_W05_7",43,"9",50,"13","BETPOP","BETPOP_W05",7,NA,"A",NA,0,"05"
"BETPOP_W05_8",38,"9",50,"15","BETPOP","BETPOP_W05",8,NA,"A",12,0,"05"
"BETPOP_W05_9",43,"9",50,"11","BETPOP","BETPOP_W05",9,NA,"A",NA,0,"05"
"BETPOP_W06_1",31,"10",47,"15","BETPOP","BETPOP_W06",1,35,"B",16,1,"06"
"BETPOP_W06_10",31,"9",50,"11","BETPOP","BETPOP_W06",10,35,"B",NA,0,"06"
"BETPOP_W06_11",31,"9",47,"15","BETPOP","BETPOP_W06",11,35,"B",16,0,"06"
"BETPOP_W06_12",35,"10",47,"15","BETPOP","BETPOP_W06",12,35,"B",12,1,"06"
"BETPOP_W06_13",31,"10",47,"15","BETPOP","BETPOP_W06",13,35,"B",16,1,"06"
"BETPOP_W06_14",31,"10",43,"15","BETPOP","BETPOP_W06",14,35,"B",12,1,"06"
"BETPOP_W06_15",31,"11",38,"15","BETPOP","BETPOP_W06",15,35,"B",7,1,"06"
"BETPOP_W06_16",31,"9",47,"15","BETPOP","BETPOP_W06",16,35,"B",16,0,"06"
"BETPOP_W06_17",24,"10",31,"15","BETPOP","BETPOP_W06",17,35,"B",7,1,"06"
"BETPOP_W06_18",20,"10",31,"15","BETPOP","BETPOP_W06",18,35,"B",11,1,"06"
"BETPOP_W06_19",20,"9",31,"15","BETPOP","BETPOP_W06",19,35,"B",11,0,"06"
"BETPOP_W06_20",17,"9",31,"15","BETPOP","BETPOP_W06",20,35,"B",14,0,"06"
"BETPOP_W06_21",17,"9",35,"15","BETPOP","BETPOP_W06",21,35,"B",18,0,"06"
"BETPOP_W06_22",24,"10",35,"15","BETPOP","BETPOP_W06",22,35,"B",11,1,"06"
"BETPOP_W06_23",35,"14",38,"15","BETPOP","BETPOP_W06",23,35,"B",3,1,"06"
"BETPOP_W06_24",43,"9",50,"11","BETPOP","BETPOP_W06",24,35,"B",NA,0,"06"
"BETPOP_W06_3",47,"9",50,"10","BETPOP","BETPOP_W06",3,35,"B",NA,0,"06"
"BETPOP_W06_5",31,"9",47,"15","BETPOP","BETPOP_W06",5,35,"B",16,0,"06"
"BETPOP_W06_7",35,"9",50,"14","BETPOP","BETPOP_W06",7,35,"B",NA,0,"06"
"BETPOP_W06_9",24,"9",47,"15","BETPOP","BETPOP_W06",9,35,"B",23,0,"06"
"BETPOP_W07_1",20,"9",38,"15","BETPOP","BETPOP_W07",1,NA,"A",18,0,"07"
"BETPOP_W07_10",35,"9",47,"14","BETPOP","BETPOP_W07",10,NA,"A",NA,0,"07"
"BETPOP_W07_11",35,"9",47,"15","BETPOP","BETPOP_W07",11,NA,"A",12,0,"07"
"BETPOP_W07_12",20,"9",47,"15","BETPOP","BETPOP_W07",12,NA,"A",27,0,"07"
"BETPOP_W07_13",38,"9",47,"13","BETPOP","BETPOP_W07",13,NA,"A",NA,0,"07"
"BETPOP_W07_14",35,"10",43,"15","BETPOP","BETPOP_W07",14,NA,"A",8,0,"07"
"BETPOP_W07_15",38,"9",47,"13","BETPOP","BETPOP_W07",15,NA,"A",NA,0,"07"
"BETPOP_W07_16",20,"9",40,"15","BETPOP","BETPOP_W07",16,NA,"A",20,0,"07"
"BETPOP_W07_17",35,"10",47,"15","BETPOP","BETPOP_W07",17,NA,"A",12,0,"07"
"BETPOP_W07_18",35,"9",47,"14","BETPOP","BETPOP_W07",18,NA,"A",NA,0,"07"
"BETPOP_W07_19",35,"9",47,"13","BETPOP","BETPOP_W07",19,NA,"A",NA,0,"07"
"BETPOP_W07_2",38,"9",47,"14","BETPOP","BETPOP_W07",2,NA,"A",NA,0,"07"
"BETPOP_W07_20",24,"9",43,"15","BETPOP","BETPOP_W07",20,NA,"A",19,0,"07"
"BETPOP_W07_21",31,"9",47,"15","BETPOP","BETPOP_W07",21,NA,"A",16,0,"07"
"BETPOP_W07_22",31,"9",47,"15","BETPOP","BETPOP_W07",22,NA,"A",16,0,"07"
"BETPOP_W07_23",31,"9",47,"15","BETPOP","BETPOP_W07",23,NA,"A",16,0,"07"
"BETPOP_W07_24",20,"9",40,"15","BETPOP","BETPOP_W07",24,NA,"A",20,0,"07"
"BETPOP_W07_25",31,"9",47,"15","BETPOP","BETPOP_W07",25,NA,"A",16,0,"07"
"BETPOP_W07_26",31,"9",47,"15","BETPOP","BETPOP_W07",26,NA,"A",16,0,"07"
"BETPOP_W07_27",35,"9",47,"15","BETPOP","BETPOP_W07",27,NA,"A",12,0,"07"
"BETPOP_W07_28",35,"9",47,"15","BETPOP","BETPOP_W07",28,NA,"A",12,0,"07"
"BETPOP_W07_29",20,"9",47,"15","BETPOP","BETPOP_W07",29,NA,"A",27,0,"07"
"BETPOP_W07_3",38,"9",47,"14","BETPOP","BETPOP_W07",3,NA,"A",NA,0,"07"
"BETPOP_W07_30",35,"9",47,"15","BETPOP","BETPOP_W07",30,NA,"A",12,0,"07"
"BETPOP_W07_31",31,"9",47,"12","BETPOP","BETPOP_W07",31,NA,"A",NA,0,"07"
"BETPOP_W07_32",35,"9",47,"15","BETPOP","BETPOP_W07",32,NA,"A",12,0,"07"
"BETPOP_W07_33",35,"9",47,"14","BETPOP","BETPOP_W07",33,NA,"A",NA,0,"07"
"BETPOP_W07_34",24,"9",43,"15","BETPOP","BETPOP_W07",34,NA,"A",19,0,"07"
"BETPOP_W07_35",31,"9",43,"15","BETPOP","BETPOP_W07",35,NA,"A",12,0,"07"
"BETPOP_W07_36",35,"9",47,"15","BETPOP","BETPOP_W07",36,NA,"A",12,0,"07"
"BETPOP_W07_37",35,"9",43,"15","BETPOP","BETPOP_W07",37,NA,"A",8,0,"07"
"BETPOP_W07_4",38,"9",47,"14","BETPOP","BETPOP_W07",4,NA,"A",NA,0,"07"
"BETPOP_W07_5",31,"9",47,"15","BETPOP","BETPOP_W07",5,NA,"A",16,0,"07"
"BETPOP_W07_6",24,"9",47,"15","BETPOP","BETPOP_W07",6,NA,"A",23,0,"07"
"BETPOP_W07_7",31,"9",43,"15","BETPOP","BETPOP_W07",7,NA,"A",12,0,"07"
"BETPOP_W07_8",20,"9",47,"15","BETPOP","BETPOP_W07",8,NA,"A",27,0,"07"
"BETPOP_W07_9",35,"9",47,"14","BETPOP","BETPOP_W07",9,NA,"A",NA,0,"07"
"BETPOP_W08_1",24,"9",38,"15","BETPOP","BETPOP_W08",1,31,"B",14,0,"08"
"BETPOP_W08_10",24,"9",35,"15","BETPOP","BETPOP_W08",10,31,"B",11,0,"08"
"BETPOP_W08_11",24,"9",35,"14","BETPOP","BETPOP_W08",11,31,"B",NA,0,"08"
"BETPOP_W08_12",24,"9",35,"15","BETPOP","BETPOP_W08",12,31,"B",11,0,"08"
"BETPOP_W08_13",24,"9",35,"9","BETPOP","BETPOP_W08",13,31,"B",NA,0,"08"
"BETPOP_W08_16",31,"11",35,"12","BETPOP","BETPOP_W08",16,31,"B",NA,1,"08"
"BETPOP_W08_17",24,"10",35,"14","BETPOP","BETPOP_W08",17,31,"B",NA,1,"08"
"BETPOP_W08_18",35,"9",35,"9","BETPOP","BETPOP_W08",18,31,"B",NA,0,"08"
"BETPOP_W08_19",31,"15",31,"15","BETPOP","BETPOP_W08",19,31,"B",0,1,"08"
"BETPOP_W08_2",24,"9",38,"15","BETPOP","BETPOP_W08",2,31,"B",14,0,"08"
"BETPOP_W08_3",31,"11",35,"13","BETPOP","BETPOP_W08",3,31,"B",NA,1,"08"
"BETPOP_W08_4",31,"10",35,"13","BETPOP","BETPOP_W08",4,31,"B",NA,1,"08"
"BETPOP_W08_5",31,"10",35,"13","BETPOP","BETPOP_W08",5,31,"B",NA,1,"08"
"BETPOP_W08_6",31,"9",35,"12","BETPOP","BETPOP_W08",6,31,"B",NA,0,"08"
"BETPOP_W08_7",31,"12",35,"15","BETPOP","BETPOP_W08",7,31,"B",4,1,"08"
"BETPOP_W08_8",24,"9",35,"15","BETPOP","BETPOP_W08",8,31,"B",11,0,"08"
"BETPOP_W08_9",24,"9",35,"15","BETPOP","BETPOP_W08",9,31,"B",11,0,"08"
"BETPOP_W09_1",31,"11",40,"15","BETPOP","BETPOP_W09",1,31,"B",9,1,"09"
"BETPOP_W09_10",31,"9",35,"15","BETPOP","BETPOP_W09",10,31,"B",4,0,"09"
"BETPOP_W09_11",31,"14",35,"15","BETPOP","BETPOP_W09",11,31,"B",4,1,"09"
"BETPOP_W09_12",31,"15",31,"15","BETPOP","BETPOP_W09",12,31,"B",0,1,"09"
"BETPOP_W09_13",31,"12",35,"15","BETPOP","BETPOP_W09",13,31,"B",4,1,"09"
"BETPOP_W09_14",31,"11",35,"15","BETPOP","BETPOP_W09",14,31,"B",4,1,"09"
"BETPOP_W09_2",31,"11",38,"15","BETPOP","BETPOP_W09",2,31,"B",7,1,"09"
"BETPOP_W09_3",31,"12",38,"14","BETPOP","BETPOP_W09",3,31,"B",NA,1,"09"
"BETPOP_W09_4",31,"9",38,"14","BETPOP","BETPOP_W09",4,31,"B",NA,0,"09"
"BETPOP_W09_5",35,"12",38,"12","BETPOP","BETPOP_W09",5,31,"B",NA,1,"09"
"BETPOP_W09_6",31,"9",38,"13","BETPOP","BETPOP_W09",6,31,"B",NA,0,"09"
"BETPOP_W09_7",31,"11",38,"15","BETPOP","BETPOP_W09",7,31,"B",7,1,"09"
"BETPOP_W09_9",31,"15",31,"15","BETPOP","BETPOP_W09",9,31,"B",0,1,"09"
"BETPOP_W10_1",24,"9",52,"15","BETPOP","BETPOP_W10",1,NA,"A",28,0,"10"
"BETPOP_W10_10",35,"9",43,"15","BETPOP","BETPOP_W10",10,NA,"A",8,0,"10"
"BETPOP_W10_11",35,"10",40,"15","BETPOP","BETPOP_W10",11,NA,"A",5,0,"10"
"BETPOP_W10_12",35,"9",43,"15","BETPOP","BETPOP_W10",12,NA,"A",8,0,"10"
"BETPOP_W10_13",43,"9",52,"11","BETPOP","BETPOP_W10",13,NA,"A",NA,0,"10"
"BETPOP_W10_14",35,"9",43,"15","BETPOP","BETPOP_W10",14,NA,"A",8,0,"10"
"BETPOP_W10_15",35,"9",43,"15","BETPOP","BETPOP_W10",15,NA,"A",8,0,"10"
"BETPOP_W10_16",31,"10",38,"15","BETPOP","BETPOP_W10",16,NA,"A",7,0,"10"
"BETPOP_W10_17",31,"9",38,"15","BETPOP","BETPOP_W10",17,NA,"A",7,0,"10"
"BETPOP_W10_18",31,"9",38,"15","BETPOP","BETPOP_W10",18,NA,"A",7,0,"10"
"BETPOP_W10_2",40,"9",52,"14","BETPOP","BETPOP_W10",2,NA,"A",NA,0,"10"
"BETPOP_W10_3",38,"9",52,"15","BETPOP","BETPOP_W10",3,NA,"A",14,0,"10"
"BETPOP_W10_4",43,"9",52,"14","BETPOP","BETPOP_W10",4,NA,"A",NA,0,"10"
"BETPOP_W10_5",43,"9",52,"15","BETPOP","BETPOP_W10",5,NA,"A",9,0,"10"
"BETPOP_W10_6",43,"11",50,"15","BETPOP","BETPOP_W10",6,NA,"A",7,0,"10"
"BETPOP_W10_7",38,"9",50,"15","BETPOP","BETPOP_W10",7,NA,"A",12,0,"10"
"BETPOP_W10_8",38,"10",47,"15","BETPOP","BETPOP_W10",8,NA,"A",9,0,"10"
"BETPOP_W10_9",35,"9",43,"15","BETPOP","BETPOP_W10",9,NA,"A",8,0,"10"
"BETPOP_W11_1",40,"11",47,"15","BETPOP","BETPOP_W11",1,NA,"A",7,0,"11"
"BETPOP_W11_10",47,"9",52,"15","BETPOP","BETPOP_W11",10,NA,"A",5,0,"11"
"BETPOP_W11_11",35,"9",47,"15","BETPOP","BETPOP_W11",11,NA,"A",12,0,"11"
"BETPOP_W11_12",31,"9",38,"15","BETPOP","BETPOP_W11",12,NA,"A",7,0,"11"
"BETPOP_W11_13",24,"10",31,"15","BETPOP","BETPOP_W11",13,NA,"A",7,0,"11"
"BETPOP_W11_14",24,"10",24,"10","BETPOP","BETPOP_W11",14,NA,"A",NA,0,"11"
"BETPOP_W11_15",24,"9",35,"15","BETPOP","BETPOP_W11",15,NA,"A",11,0,"11"
"BETPOP_W11_16",31,"11",38,"15","BETPOP","BETPOP_W11",16,NA,"A",7,0,"11"
"BETPOP_W11_17",24,"15",24,"15","BETPOP","BETPOP_W11",17,NA,"A",0,0,"11"
"BETPOP_W11_18",24,"14",31,"15","BETPOP","BETPOP_W11",18,NA,"A",7,0,"11"
"BETPOP_W11_19",24,"12",31,"15","BETPOP","BETPOP_W11",19,NA,"A",7,0,"11"
"BETPOP_W11_2",40,"9",52,"15","BETPOP","BETPOP_W11",2,NA,"A",12,0,"11"
"BETPOP_W11_20",24,"12",31,"15","BETPOP","BETPOP_W11",20,NA,"A",7,0,"11"
"BETPOP_W11_3",43,"9",52,"14","BETPOP","BETPOP_W11",3,NA,"A",NA,0,"11"
"BETPOP_W11_4",40,"9",52,"15","BETPOP","BETPOP_W11",4,NA,"A",12,0,"11"
"BETPOP_W11_5",40,"9",50,"15","BETPOP","BETPOP_W11",5,NA,"A",10,0,"11"
"BETPOP_W11_6",35,"9",47,"15","BETPOP","BETPOP_W11",6,NA,"A",12,0,"11"
"BETPOP_W11_7",43,"9",52,"15","BETPOP","BETPOP_W11",7,NA,"A",9,0,"11"
"BETPOP_W11_8",35,"9",47,"15","BETPOP","BETPOP_W11",8,NA,"A",12,0,"11"
"BETPOP_W11_9",31,"9",40,"15","BETPOP","BETPOP_W11",9,NA,"A",9,0,"11"
"BETPOP_W12_1",40,"10",52,"15","BETPOP","BETPOP_W12",1,40,"B",12,1,"12"
"BETPOP_W12_10",35,"10",50,"15","BETPOP","BETPOP_W12",10,40,"B",15,1,"12"
"BETPOP_W12_11",35,"9",50,"12","BETPOP","BETPOP_W12",11,40,"B",NA,0,"12"
"BETPOP_W12_12",38,"9",50,"14","BETPOP","BETPOP_W12",12,40,"B",NA,0,"12"
"BETPOP_W12_13",24,"9",40,"15","BETPOP","BETPOP_W12",13,40,"B",16,0,"12"
"BETPOP_W12_14",24,"9",47,"15","BETPOP","BETPOP_W12",14,40,"B",23,0,"12"
"BETPOP_W12_15",24,"9",40,"15","BETPOP","BETPOP_W12",15,40,"B",16,0,"12"
"BETPOP_W12_16",31,"10",38,"15","BETPOP","BETPOP_W12",16,40,"B",7,1,"12"
"BETPOP_W12_17",31,"10",38,"15","BETPOP","BETPOP_W12",17,40,"B",7,1,"12"
"BETPOP_W12_18",31,"9",40,"15","BETPOP","BETPOP_W12",18,40,"B",9,0,"12"
"BETPOP_W12_19",31,"9",40,"15","BETPOP","BETPOP_W12",19,40,"B",9,0,"12"
"BETPOP_W12_2",40,"9",50,"9","BETPOP","BETPOP_W12",2,40,"B",NA,0,"12"
"BETPOP_W12_20",31,"11",38,"15","BETPOP","BETPOP_W12",20,40,"B",7,1,"12"
"BETPOP_W12_21",31,"10",38,"15","BETPOP","BETPOP_W12",21,40,"B",7,1,"12"
"BETPOP_W12_22",20,"9",35,"15","BETPOP","BETPOP_W12",22,40,"B",15,0,"12"
"BETPOP_W12_23",38,"15",38,"15","BETPOP","BETPOP_W12",23,40,"B",0,1,"12"
"BETPOP_W12_24",24,"9",35,"15","BETPOP","BETPOP_W12",24,40,"B",11,0,"12"
"BETPOP_W12_25",24,"9",38,"15","BETPOP","BETPOP_W12",25,40,"B",14,0,"12"
"BETPOP_W12_26",24,"9",38,"15","BETPOP","BETPOP_W12",26,40,"B",14,0,"12"
"BETPOP_W12_27",24,"9",35,"15","BETPOP","BETPOP_W12",27,40,"B",11,0,"12"
"BETPOP_W12_28",24,"9",35,"15","BETPOP","BETPOP_W12",28,40,"B",11,0,"12"
"BETPOP_W12_29",24,"9",35,"15","BETPOP","BETPOP_W12",29,40,"B",11,0,"12"
"BETPOP_W12_3",40,"9",50,"10","BETPOP","BETPOP_W12",3,40,"B",NA,0,"12"
"BETPOP_W12_30",24,"9",35,"15","BETPOP","BETPOP_W12",30,40,"B",11,0,"12"
"BETPOP_W12_31",24,"9",35,"15","BETPOP","BETPOP_W12",31,40,"B",11,0,"12"
"BETPOP_W12_32",31,"9",40,"15","BETPOP","BETPOP_W12",32,40,"B",9,0,"12"
"BETPOP_W12_33",31,"10",38,"15","BETPOP","BETPOP_W12",33,40,"B",7,1,"12"
"BETPOP_W12_34",31,"10",40,"15","BETPOP","BETPOP_W12",34,40,"B",9,1,"12"
"BETPOP_W12_35",20,"9",31,"15","BETPOP","BETPOP_W12",35,40,"B",11,0,"12"
"BETPOP_W12_36",20,"9",31,"15","BETPOP","BETPOP_W12",36,40,"B",11,0,"12"
"BETPOP_W12_37",24,"10",31,"15","BETPOP","BETPOP_W12",37,40,"B",7,1,"12"
"BETPOP_W12_38",24,"9",31,"15","BETPOP","BETPOP_W12",38,40,"B",7,0,"12"
"BETPOP_W12_4",40,"9",50,"10","BETPOP","BETPOP_W12",4,40,"B",NA,0,"12"
"BETPOP_W12_5",43,"9",50,"9","BETPOP","BETPOP_W12",5,40,"B",NA,0,"12"
"BETPOP_W12_6",40,"9",50,"13","BETPOP","BETPOP_W12",6,40,"B",NA,0,"12"
"BETPOP_W12_7",40,"10",50,"13","BETPOP","BETPOP_W12",7,40,"B",NA,1,"12"
"BETPOP_W12_8",35,"9",50,"14","BETPOP","BETPOP_W12",8,40,"B",NA,0,"12"
"BETPOP_W12_9",31,"9",47,"15","BETPOP","BETPOP_W12",9,40,"B",16,0,"12"
"BETPOP_W13_1",40,"9",56,"15","BETPOP","BETPOP_W13",1,NA,"A",16,0,"13"
"BETPOP_W13_2",43,"9",62,"11","BETPOP","BETPOP_W13",2,NA,"A",NA,0,"13"
"BETPOP_W13_3",43,"9",62,"13","BETPOP","BETPOP_W13",3,NA,"A",NA,0,"13"
"BETPOP_W13_4",38,"9",47,"15","BETPOP","BETPOP_W13",4,NA,"A",9,0,"13"
"BETPOP_W13_5",38,"9",47,"15","BETPOP","BETPOP_W13",5,NA,"A",9,0,"13"
"BETPOP_W13_6",40,"9",62,"14","BETPOP","BETPOP_W13",6,NA,"A",NA,0,"13"
"BETPOP_W13_7",43,"9",62,"9","BETPOP","BETPOP_W13",7,NA,"A",NA,0,"13"
"BETPOP_W13_8",43,"9",62,"9","BETPOP","BETPOP_W13",8,NA,"A",NA,0,"13"
"BETPOP_W14_1",52,"9",73,"15","BETPOP","BETPOP_W14",1,76,"B",21,0,"14"
"BETPOP_W14_10",80,"9",88,"15","BETPOP","BETPOP_W14",10,76,"B",8,0,"14"
"BETPOP_W14_11",88,"15",88,"15","BETPOP","BETPOP_W14",11,76,"B",0,1,"14"
"BETPOP_W14_12",73,"9",83,"13","BETPOP","BETPOP_W14",12,76,"B",NA,0,"14"
"BETPOP_W14_13",73,"9",83,"13","BETPOP","BETPOP_W14",13,76,"B",NA,0,"14"
"BETPOP_W14_2",67,"9",83,"15","BETPOP","BETPOP_W14",2,76,"B",16,0,"14"
"BETPOP_W14_3",83,"10",88,"15","BETPOP","BETPOP_W14",3,76,"B",5,1,"14"
"BETPOP_W14_4",73,"9",88,"15","BETPOP","BETPOP_W14",4,76,"B",15,0,"14"
"BETPOP_W14_5",67,"9",88,"9","BETPOP","BETPOP_W14",5,76,"B",NA,0,"14"
"BETPOP_W14_6",83,"11",88,"15","BETPOP","BETPOP_W14",6,76,"B",5,1,"14"
"BETPOP_W14_7",73,"10",83,"15","BETPOP","BETPOP_W14",7,76,"B",10,1,"14"
"BETPOP_W14_8",76,"10",83,"14","BETPOP","BETPOP_W14",8,76,"B",NA,1,"14"
"BETPOP_W15_1",80,"9",83,"10","BETPOP","BETPOP_W15",1,NA,"A",NA,0,"15"
"BETPOP_W15_10",62,"9",76,"15","BETPOP","BETPOP_W15",10,NA,"A",14,0,"15"
"BETPOP_W15_11",52,"9",62,"15","BETPOP","BETPOP_W15",11,NA,"A",10,0,"15"
"BETPOP_W15_12",43,"9",69,"15","BETPOP","BETPOP_W15",12,NA,"A",26,0,"15"
"BETPOP_W15_13",40,"9",52,"15","BETPOP","BETPOP_W15",13,NA,"A",12,0,"15"
"BETPOP_W15_2",80,"10",83,"13","BETPOP","BETPOP_W15",2,NA,"A",NA,0,"15"
"BETPOP_W15_3",67,"10",76,"15","BETPOP","BETPOP_W15",3,NA,"A",9,0,"15"
"BETPOP_W15_4",67,"11",73,"15","BETPOP","BETPOP_W15",4,NA,"A",6,0,"15"
"BETPOP_W15_5",52,"9",69,"15","BETPOP","BETPOP_W15",5,NA,"A",17,0,"15"
"BETPOP_W15_6",60,"9",73,"15","BETPOP","BETPOP_W15",6,NA,"A",13,0,"15"
"BETPOP_W15_7",67,"9",76,"15","BETPOP","BETPOP_W15",7,NA,"A",9,0,"15"
"BETPOP_W15_8",52,"9",73,"15","BETPOP","BETPOP_W15",8,NA,"A",21,0,"15"
"BETPOP_W15_9",67,"9",80,"15","BETPOP","BETPOP_W15",9,NA,"A",13,0,"15"
