"ID","budburst","bbch.first","leafout","bbch.last","species","individ","bud","TX","burst","total","burst.perc","perc"
"BETPAP_G01_1",93,"9",101,"14","BETPAP","BETPAP_G01","1","A",0,24,16,0.666666666666667
"BETPAP_G01_10",101,"10",101,"10","BETPAP","BETPAP_G01","10","A",0,24,16,0.666666666666667
"BETPAP_G01_11",93,"9",101,"14","BETPAP","BETPAP_G01","11","A",0,24,16,0.666666666666667
"BETPAP_G01_12",93,"9",101,"15","BETPAP","BETPAP_G01","12","A",1,24,16,0.666666666666667
"BETPAP_G01_13",101,"14",101,"14","BETPAP","BETPAP_G01","13","A",0,24,16,0.666666666666667
"BETPAP_G01_14",101,"9",101,"9","BETPAP","BETPAP_G01","14","A",1,24,16,0.666666666666667
"BETPAP_G01_15",101,"9",101,"9","BETPAP","BETPAP_G01","15","A",1,24,16,0.666666666666667
"BETPAP_G01_16",93,"12",101,"15","BETPAP","BETPAP_G01","16","A",1,24,16,0.666666666666667
"BETPAP_G01_17",93,"10",101,"15","BETPAP","BETPAP_G01","17","A",1,24,16,0.666666666666667
"BETPAP_G01_18",101,"10",101,"10","BETPAP","BETPAP_G01","18","A",0,24,16,0.666666666666667
"BETPAP_G01_19",88,"14",93,"15","BETPAP","BETPAP_G01","19","A",1,24,16,0.666666666666667
"BETPAP_G01_2",101,"14",101,"14","BETPAP","BETPAP_G01","2","A",0,24,16,0.666666666666667
"BETPAP_G01_20",88,"11",93,"15","BETPAP","BETPAP_G01","20","A",1,24,16,0.666666666666667
"BETPAP_G01_21",88,"13",93,"15","BETPAP","BETPAP_G01","21","A",1,24,16,0.666666666666667
"BETPAP_G01_23",101,"10",101,"10","BETPAP","BETPAP_G01","23","A",0,24,16,0.666666666666667
"BETPAP_G01_24",101,"9",101,"9","BETPAP","BETPAP_G01","24","A",1,24,16,0.666666666666667
"BETPAP_G01_25",101,"14",101,"14","BETPAP","BETPAP_G01","25","A",0,24,16,0.666666666666667
"BETPAP_G01_3",93,"12",101,"15","BETPAP","BETPAP_G01","3","A",1,24,16,0.666666666666667
"BETPAP_G01_4",88,"10",93,"15","BETPAP","BETPAP_G01","4","A",1,24,16,0.666666666666667
"BETPAP_G01_5",88,"13",93,"15","BETPAP","BETPAP_G01","5","A",1,24,16,0.666666666666667
"BETPAP_G01_6",88,"14",93,"15","BETPAP","BETPAP_G01","6","A",1,24,16,0.666666666666667
"BETPAP_G01_7",83,"10",93,"15","BETPAP","BETPAP_G01","7","A",1,24,16,0.666666666666667
"BETPAP_G01_8",83,"10",93,"15","BETPAP","BETPAP_G01","8","A",1,24,16,0.666666666666667
"BETPAP_G01_9",88,"13",93,"15","BETPAP","BETPAP_G01","9","A",1,24,16,0.666666666666667
"BETPAP_G02_1",88,"10",93,"15","BETPAP","BETPAP_G02","1","B",1,21,14,0.666666666666667
"BETPAP_G02_10",83,"13",88,"15","BETPAP","BETPAP_G02","10","B",1,21,14,0.666666666666667
"BETPAP_G02_11",88,"12",93,"15","BETPAP","BETPAP_G02","11","B",1,21,14,0.666666666666667
"BETPAP_G02_12",83,"9",93,"15","BETPAP","BETPAP_G02","12","B",1,21,14,0.666666666666667
"BETPAP_G02_13",83,"9",93,"15","BETPAP","BETPAP_G02","13","B",1,21,14,0.666666666666667
"BETPAP_G02_14",83,"10",88,"15","BETPAP","BETPAP_G02","14","B",1,21,14,0.666666666666667
"BETPAP_G02_16",101,"12",101,"12","BETPAP","BETPAP_G02","16","B",0,21,14,0.666666666666667
"BETPAP_G02_17",101,"9",101,"9","BETPAP","BETPAP_G02","17","B",1,21,14,0.666666666666667
"BETPAP_G02_18",93,"13",101,"15","BETPAP","BETPAP_G02","18","B",1,21,14,0.666666666666667
"BETPAP_G02_19",93,"12",101,"15","BETPAP","BETPAP_G02","19","B",1,21,14,0.666666666666667
"BETPAP_G02_2",101,"10",101,"10","BETPAP","BETPAP_G02","2","B",0,21,14,0.666666666666667
"BETPAP_G02_20",101,"10",101,"10","BETPAP","BETPAP_G02","20","B",0,21,14,0.666666666666667
"BETPAP_G02_21",101,"9",101,"9","BETPAP","BETPAP_G02","21","B",1,21,14,0.666666666666667
"BETPAP_G02_22",101,"9",101,"9","BETPAP","BETPAP_G02","22","B",1,21,14,0.666666666666667
"BETPAP_G02_23",101,"9",101,"9","BETPAP","BETPAP_G02","23","B",1,21,14,0.666666666666667
"BETPAP_G02_3",83,"9",101,"0","BETPAP","BETPAP_G02","3","B",0,21,14,0.666666666666667
"BETPAP_G02_4",80,"9",101,"0","BETPAP","BETPAP_G02","4","B",0,21,14,0.666666666666667
"BETPAP_G02_5",83,"9",101,"10","BETPAP","BETPAP_G02","5","B",0,21,14,0.666666666666667
"BETPAP_G02_6",80,"9",101,"15","BETPAP","BETPAP_G02","6","B",1,21,14,0.666666666666667
"BETPAP_G02_7",80,"9",101,"13","BETPAP","BETPAP_G02","7","B",0,21,14,0.666666666666667
"BETPAP_G02_8",83,"11",88,"15","BETPAP","BETPAP_G02","8","B",1,21,14,0.666666666666667
"BETPAP_G03_1",109,"13",112,"15","BETPAP","BETPAP_G03","1","A",1,18,17,0.944444444444444
"BETPAP_G03_10",109,"13",112,"15","BETPAP","BETPAP_G03","10","A",1,18,17,0.944444444444444
"BETPAP_G03_11",105,"13",109,"15","BETPAP","BETPAP_G03","11","A",1,18,17,0.944444444444444
"BETPAP_G03_12",105,"9",109,"15","BETPAP","BETPAP_G03","12","A",1,18,17,0.944444444444444
"BETPAP_G03_13",109,"15",109,"15","BETPAP","BETPAP_G03","13","A",1,18,17,0.944444444444444
"BETPAP_G03_14",109,"14",112,"15","BETPAP","BETPAP_G03","14","A",1,18,17,0.944444444444444
"BETPAP_G03_15",93,"9",105,"15","BETPAP","BETPAP_G03","15","A",1,18,17,0.944444444444444
"BETPAP_G03_16",93,"13",105,"15","BETPAP","BETPAP_G03","16","A",1,18,17,0.944444444444444
"BETPAP_G03_17",93,"9",109,"15","BETPAP","BETPAP_G03","17","A",1,18,17,0.944444444444444
"BETPAP_G03_18",105,"9",109,"15","BETPAP","BETPAP_G03","18","A",1,18,17,0.944444444444444
"BETPAP_G03_2",115,"9",126,"15","BETPAP","BETPAP_G03","2","A",1,18,17,0.944444444444444
"BETPAP_G03_3",109,"9",112,"15","BETPAP","BETPAP_G03","3","A",1,18,17,0.944444444444444
"BETPAP_G03_4",115,"9",130,"9","BETPAP","BETPAP_G03","4","A",1,18,17,0.944444444444444
"BETPAP_G03_5",126,"9",130,"9","BETPAP","BETPAP_G03","5","A",1,18,17,0.944444444444444
"BETPAP_G03_6",130,"9",130,"9","BETPAP","BETPAP_G03","6","A",1,18,17,0.944444444444444
"BETPAP_G03_7",109,"14",112,"15","BETPAP","BETPAP_G03","7","A",1,18,17,0.944444444444444
"BETPAP_G03_8",126,"13",130,"14","BETPAP","BETPAP_G03","8","A",0,18,17,0.944444444444444
"BETPAP_G03_9",105,"13",109,"15","BETPAP","BETPAP_G03","9","A",1,18,17,0.944444444444444
"BETPAP_G04_1",124,"10",136,"13","BETPAP","BETPAP_G04","1","A",0,16,15,0.9375
"BETPAP_G04_10",130,"14",136,"15","BETPAP","BETPAP_G04","10","A",1,16,15,0.9375
"BETPAP_G04_11",126,"15",126,"15","BETPAP","BETPAP_G04","11","A",1,16,15,0.9375
"BETPAP_G04_12",126,"14",130,"15","BETPAP","BETPAP_G04","12","A",1,16,15,0.9375
"BETPAP_G04_13",124,"11",126,"15","BETPAP","BETPAP_G04","13","A",1,16,15,0.9375
"BETPAP_G04_14",124,"11",126,"15","BETPAP","BETPAP_G04","14","A",1,16,15,0.9375
"BETPAP_G04_15",124,"10",126,"15","BETPAP","BETPAP_G04","15","A",1,16,15,0.9375
"BETPAP_G04_16",126,"14",130,"15","BETPAP","BETPAP_G04","16","A",1,16,15,0.9375
"BETPAP_G04_2",130,"9",136,"15","BETPAP","BETPAP_G04","2","A",1,16,15,0.9375
"BETPAP_G04_20",124,"15",124,"15","BETPAP","BETPAP_G04","20","A",1,16,15,0.9375
"BETPAP_G04_21",124,"15",124,"15","BETPAP","BETPAP_G04","21","A",1,16,15,0.9375
"BETPAP_G04_3",124,"10",126,"15","BETPAP","BETPAP_G04","3","A",1,16,15,0.9375
"BETPAP_G04_4",130,"9",130,"9","BETPAP","BETPAP_G04","4","A",1,16,15,0.9375
"BETPAP_G04_6",124,"11",126,"15","BETPAP","BETPAP_G04","6","A",1,16,15,0.9375
"BETPAP_G04_8",130,"9",136,"15","BETPAP","BETPAP_G04","8","A",1,16,15,0.9375
"BETPAP_G04_9",130,"15",130,"15","BETPAP","BETPAP_G04","9","A",1,16,15,0.9375
"BETPAP_G05_1",93,"9",109,"15","BETPAP","BETPAP_G05","1","A",1,19,17,0.894736842105263
"BETPAP_G05_10",112,"11",115,"15","BETPAP","BETPAP_G05","10","A",1,19,17,0.894736842105263
"BETPAP_G05_11",112,"14",115,"15","BETPAP","BETPAP_G05","11","A",1,19,17,0.894736842105263
"BETPAP_G05_12",105,"10",109,"15","BETPAP","BETPAP_G05","12","A",1,19,17,0.894736842105263
"BETPAP_G05_13",112,"13",115,"15","BETPAP","BETPAP_G05","13","A",1,19,17,0.894736842105263
"BETPAP_G05_15",105,"15",105,"15","BETPAP","BETPAP_G05","15","A",1,19,17,0.894736842105263
"BETPAP_G05_16",105,"15",105,"15","BETPAP","BETPAP_G05","16","A",1,19,17,0.894736842105263
"BETPAP_G05_18",109,"15",109,"15","BETPAP","BETPAP_G05","18","A",1,19,17,0.894736842105263
"BETPAP_G05_19",115,"13",126,"13","BETPAP","BETPAP_G05","19","A",0,19,17,0.894736842105263
"BETPAP_G05_2",93,"9",112,"15","BETPAP","BETPAP_G05","2","A",1,19,17,0.894736842105263
"BETPAP_G05_20",115,"13",126,"13","BETPAP","BETPAP_G05","20","A",0,19,17,0.894736842105263
"BETPAP_G05_21",109,"13",112,"15","BETPAP","BETPAP_G05","21","A",1,19,17,0.894736842105263
"BETPAP_G05_22",112,"10",115,"15","BETPAP","BETPAP_G05","22","A",1,19,17,0.894736842105263
"BETPAP_G05_3",93,"9",112,"15","BETPAP","BETPAP_G05","3","A",1,19,17,0.894736842105263
"BETPAP_G05_4",93,"9",109,"15","BETPAP","BETPAP_G05","4","A",1,19,17,0.894736842105263
"BETPAP_G05_5",109,"10",112,"15","BETPAP","BETPAP_G05","5","A",1,19,17,0.894736842105263
"BETPAP_G05_6",124,"9",126,"9","BETPAP","BETPAP_G05","6","A",1,19,17,0.894736842105263
"BETPAP_G05_7",112,"14",115,"15","BETPAP","BETPAP_G05","7","A",1,19,17,0.894736842105263
"BETPAP_G05_8",109,"9",112,"15","BETPAP","BETPAP_G05","8","A",1,19,17,0.894736842105263
"BETPAP_G06_1",35,"9",52,"15","BETPAP","BETPAP_G06","1","A",1,20,16,0.8
"BETPAP_G06_10",38,"15",38,"15","BETPAP","BETPAP_G06","10","A",1,20,16,0.8
"BETPAP_G06_11",38,"10",43,"15","BETPAP","BETPAP_G06","11","A",1,20,16,0.8
"BETPAP_G06_12",38,"9",47,"15","BETPAP","BETPAP_G06","12","A",1,20,16,0.8
"BETPAP_G06_13",38,"9",50,"15","BETPAP","BETPAP_G06","13","A",1,20,16,0.8
"BETPAP_G06_14",38,"10",50,"15","BETPAP","BETPAP_G06","14","A",1,20,16,0.8
"BETPAP_G06_15",38,"9",50,"15","BETPAP","BETPAP_G06","15","A",1,20,16,0.8
"BETPAP_G06_16",40,"9",50,"9","BETPAP","BETPAP_G06","16","A",1,20,16,0.8
"BETPAP_G06_17",38,"10",50,"15","BETPAP","BETPAP_G06","17","A",1,20,16,0.8
"BETPAP_G06_18",35,"9",50,"15","BETPAP","BETPAP_G06","18","A",1,20,16,0.8
"BETPAP_G06_19",35,"9",47,"15","BETPAP","BETPAP_G06","19","A",1,20,16,0.8
"BETPAP_G06_2",35,"9",50,"15","BETPAP","BETPAP_G06","2","A",1,20,16,0.8
"BETPAP_G06_20",35,"9",50,"15","BETPAP","BETPAP_G06","20","A",1,20,16,0.8
"BETPAP_G06_3",35,"9",50,"11","BETPAP","BETPAP_G06","3","A",0,20,16,0.8
"BETPAP_G06_4",35,"9",50,"15","BETPAP","BETPAP_G06","4","A",1,20,16,0.8
"BETPAP_G06_5",38,"9",50,"14","BETPAP","BETPAP_G06","5","A",0,20,16,0.8
"BETPAP_G06_6",38,"9",50,"13","BETPAP","BETPAP_G06","6","A",0,20,16,0.8
"BETPAP_G06_7",38,"9",50,"10","BETPAP","BETPAP_G06","7","A",0,20,16,0.8
"BETPAP_G06_8",38,"14",40,"15","BETPAP","BETPAP_G06","8","A",1,20,16,0.8
"BETPAP_G06_9",38,"15",38,"15","BETPAP","BETPAP_G06","9","A",1,20,16,0.8
"BETPAP_G07_1",83,"11",88,"15","BETPAP","BETPAP_G07","1","A",1,15,9,0.6
"BETPAP_G07_10",88,"9",88,"9","BETPAP","BETPAP_G07","10","A",1,15,9,0.6
"BETPAP_G07_11",80,"9",88,"15","BETPAP","BETPAP_G07","11","A",1,15,9,0.6
"BETPAP_G07_12",60,"9",88,"15","BETPAP","BETPAP_G07","12","A",1,15,9,0.6
"BETPAP_G07_13",73,"9",88,"15","BETPAP","BETPAP_G07","13","A",1,15,9,0.6
"BETPAP_G07_14",52,"9",83,"15","BETPAP","BETPAP_G07","14","A",1,15,9,0.6
"BETPAP_G07_15",56,"9",88,"15","BETPAP","BETPAP_G07","15","A",1,15,9,0.6
"BETPAP_G07_16",50,"10",56,"15","BETPAP","BETPAP_G07","16","A",1,15,9,0.6
"BETPAP_G07_17",50,"10",60,"15","BETPAP","BETPAP_G07","17","A",1,15,9,0.6
"BETPAP_G07_2",88,"10",88,"10","BETPAP","BETPAP_G07","2","A",0,15,9,0.6
"BETPAP_G07_5",88,"11",88,"11","BETPAP","BETPAP_G07","5","A",0,15,9,0.6
"BETPAP_G07_6",88,"12",88,"12","BETPAP","BETPAP_G07","6","A",0,15,9,0.6
"BETPAP_G07_7",88,"11",88,"11","BETPAP","BETPAP_G07","7","A",0,15,9,0.6
"BETPAP_G07_8",88,"13",88,"13","BETPAP","BETPAP_G07","8","A",0,15,9,0.6
"BETPAP_G07_9",88,"13",88,"13","BETPAP","BETPAP_G07","9","A",0,15,9,0.6
"BETPAP_G08_1",14,"10",24,"15","BETPAP","BETPAP_G08","1","B",1,9,8,0.888888888888889
"BETPAP_G08_2",14,"9",24,"15","BETPAP","BETPAP_G08","2","B",1,9,8,0.888888888888889
"BETPAP_G08_3",14,"10",24,"15","BETPAP","BETPAP_G08","3","B",1,9,8,0.888888888888889
"BETPAP_G08_4",14,"9",24,"15","BETPAP","BETPAP_G08","4","B",1,9,8,0.888888888888889
"BETPAP_G08_5",14,"9",50,"12","BETPAP","BETPAP_G08","5","B",0,9,8,0.888888888888889
"BETPAP_G08_6",47,"9",50,"9","BETPAP","BETPAP_G08","6","B",1,9,8,0.888888888888889
"BETPAP_G08_7",14,"10",17,"15","BETPAP","BETPAP_G08","7","B",1,9,8,0.888888888888889
"BETPAP_G08_8",14,"15",17,"15","BETPAP","BETPAP_G08","8","B",1,9,8,0.888888888888889
"BETPAP_G08_9",14,"13",17,"15","BETPAP","BETPAP_G08","9","B",1,9,8,0.888888888888889
"BETPAP_G09_1",52,"9",80,"15","BETPAP","BETPAP_G09","1","A",1,14,10,0.714285714285714
"BETPAP_G09_10",83,"10",88,"15","BETPAP","BETPAP_G09","10","A",1,14,10,0.714285714285714
"BETPAP_G09_11",73,"9",83,"15","BETPAP","BETPAP_G09","11","A",1,14,10,0.714285714285714
"BETPAP_G09_12",67,"9",80,"15","BETPAP","BETPAP_G09","12","A",1,14,10,0.714285714285714
"BETPAP_G09_13",73,"9",88,"15","BETPAP","BETPAP_G09","13","A",1,14,10,0.714285714285714
"BETPAP_G09_14",80,"9",80,"9","BETPAP","BETPAP_G09","14","A",1,14,10,0.714285714285714
"BETPAP_G09_2",52,"10",67,"15","BETPAP","BETPAP_G09","2","A",1,14,10,0.714285714285714
"BETPAP_G09_3",52,"9",67,"15","BETPAP","BETPAP_G09","3","A",1,14,10,0.714285714285714
"BETPAP_G09_4",56,"9",69,"15","BETPAP","BETPAP_G09","4","A",1,14,10,0.714285714285714
"BETPAP_G09_5",67,"9",88,"15","BETPAP","BETPAP_G09","5","A",1,14,10,0.714285714285714
"BETPAP_G09_6",67,"9",88,"12","BETPAP","BETPAP_G09","6","A",0,14,10,0.714285714285714
"BETPAP_G09_7",88,"13",88,"13","BETPAP","BETPAP_G09","7","A",0,14,10,0.714285714285714
"BETPAP_G09_8",88,"12",88,"12","BETPAP","BETPAP_G09","8","A",0,14,10,0.714285714285714
"BETPAP_G09_9",88,"13",88,"13","BETPAP","BETPAP_G09","9","A",0,14,10,0.714285714285714
"BETPAP_G10_1",47,"15",80,"15","BETPAP","BETPAP_G10","1","B",1,13,9,0.692307692307692
"BETPAP_G10_10",35,"9",50,"15","BETPAP","BETPAP_G10","10","B",1,13,9,0.692307692307692
"BETPAP_G10_11",67,"9",80,"10","BETPAP","BETPAP_G10","11","B",0,13,9,0.692307692307692
"BETPAP_G10_12",76,"9",80,"10","BETPAP","BETPAP_G10","12","B",0,13,9,0.692307692307692
"BETPAP_G10_13",47,"10",80,"10","BETPAP","BETPAP_G10","13","B",0,13,9,0.692307692307692
"BETPAP_G10_2",47,"9",60,"15","BETPAP","BETPAP_G10","2","B",1,13,9,0.692307692307692
"BETPAP_G10_3",67,"10",76,"15","BETPAP","BETPAP_G10","3","B",1,13,9,0.692307692307692
"BETPAP_G10_4",67,"9",76,"15","BETPAP","BETPAP_G10","4","B",1,13,9,0.692307692307692
"BETPAP_G10_5",62,"9",76,"15","BETPAP","BETPAP_G10","5","B",1,13,9,0.692307692307692
"BETPAP_G10_6",60,"9",76,"15","BETPAP","BETPAP_G10","6","B",1,13,9,0.692307692307692
"BETPAP_G10_7",56,"9",69,"15","BETPAP","BETPAP_G10","7","B",1,13,9,0.692307692307692
"BETPAP_G10_8",60,"9",76,"15","BETPAP","BETPAP_G10","8","B",1,13,9,0.692307692307692
"BETPAP_G10_9",67,"9",76,"14","BETPAP","BETPAP_G10","9","B",0,13,9,0.692307692307692
"BETPAP_G11_1",52,"9",101,"15","BETPAP","BETPAP_G11","1","B",1,24,18,0.75
"BETPAP_G11_10",93,"15",93,"15","BETPAP","BETPAP_G11","10","B",1,24,18,0.75
"BETPAP_G11_11",93,"15",93,"15","BETPAP","BETPAP_G11","11","B",1,24,18,0.75
"BETPAP_G11_12",80,"9",88,"15","BETPAP","BETPAP_G11","12","B",1,24,18,0.75
"BETPAP_G11_13",73,"10",80,"15","BETPAP","BETPAP_G11","13","B",1,24,18,0.75
"BETPAP_G11_14",88,"13",93,"15","BETPAP","BETPAP_G11","14","B",1,24,18,0.75
"BETPAP_G11_15",93,"15",93,"15","BETPAP","BETPAP_G11","15","B",1,24,18,0.75
"BETPAP_G11_16",93,"15",93,"15","BETPAP","BETPAP_G11","16","B",1,24,18,0.75
"BETPAP_G11_17",38,"10",93,"0","BETPAP","BETPAP_G11","17","B",0,24,18,0.75
"BETPAP_G11_18",47,"9",93,"0","BETPAP","BETPAP_G11","18","B",0,24,18,0.75
"BETPAP_G11_2",93,"13",101,"15","BETPAP","BETPAP_G11","2","B",1,24,18,0.75
"BETPAP_G11_22",50,"9",80,"15","BETPAP","BETPAP_G11","22","B",1,24,18,0.75
"BETPAP_G11_23",76,"9",83,"15","BETPAP","BETPAP_G11","23","B",1,24,18,0.75
"BETPAP_G11_24",52,"9",80,"15","BETPAP","BETPAP_G11","24","B",1,24,18,0.75
"BETPAP_G11_25",93,"15",93,"15","BETPAP","BETPAP_G11","25","B",1,24,18,0.75
"BETPAP_G11_26",93,"15",93,"15","BETPAP","BETPAP_G11","26","B",1,24,18,0.75
"BETPAP_G11_27",93,"10",93,"10","BETPAP","BETPAP_G11","27","B",0,24,18,0.75
"BETPAP_G11_3",93,"15",93,"15","BETPAP","BETPAP_G11","3","B",1,24,18,0.75
"BETPAP_G11_4",93,"15",93,"15","BETPAP","BETPAP_G11","4","B",1,24,18,0.75
"BETPAP_G11_5",93,"14",101,"15","BETPAP","BETPAP_G11","5","B",1,24,18,0.75
"BETPAP_G11_6",80,"9",93,"0","BETPAP","BETPAP_G11","6","B",0,24,18,0.75
"BETPAP_G11_7",73,"11",93,"0","BETPAP","BETPAP_G11","7","B",0,24,18,0.75
"BETPAP_G11_8",88,"0",93,"15","BETPAP","BETPAP_G11","8","B",1,24,18,0.75
"BETPAP_G11_9",76,"9",93,"0","BETPAP","BETPAP_G11","9","B",0,24,18,0.75
"BETPAP_G12_1",38,"9",50,"15","BETPAP","BETPAP_G12","1","B",1,17,15,0.882352941176471
"BETPAP_G12_10",35,"10",43,"15","BETPAP","BETPAP_G12","10","B",1,17,15,0.882352941176471
"BETPAP_G12_11",35,"11",38,"15","BETPAP","BETPAP_G12","11","B",1,17,15,0.882352941176471
"BETPAP_G12_12",47,"11",52,"15","BETPAP","BETPAP_G12","12","B",1,17,15,0.882352941176471
"BETPAP_G12_14",80,"10",80,"10","BETPAP","BETPAP_G12","14","B",0,17,15,0.882352941176471
"BETPAP_G12_16",73,"9",80,"15","BETPAP","BETPAP_G12","16","B",1,17,15,0.882352941176471
"BETPAP_G12_17",73,"9",80,"15","BETPAP","BETPAP_G12","17","B",1,17,15,0.882352941176471
"BETPAP_G12_18",80,"15",80,"15","BETPAP","BETPAP_G12","18","B",1,17,15,0.882352941176471
"BETPAP_G12_19",73,"14",76,"15","BETPAP","BETPAP_G12","19","B",1,17,15,0.882352941176471
"BETPAP_G12_2",50,"9",56,"15","BETPAP","BETPAP_G12","2","B",1,17,15,0.882352941176471
"BETPAP_G12_3",50,"9",62,"15","BETPAP","BETPAP_G12","3","B",1,17,15,0.882352941176471
"BETPAP_G12_4",62,"9",73,"15","BETPAP","BETPAP_G12","4","B",1,17,15,0.882352941176471
"BETPAP_G12_5",52,"9",67,"15","BETPAP","BETPAP_G12","5","B",1,17,15,0.882352941176471
"BETPAP_G12_6",67,"9",76,"15","BETPAP","BETPAP_G12","6","B",1,17,15,0.882352941176471
"BETPAP_G12_7",67,"9",80,"10","BETPAP","BETPAP_G12","7","B",0,17,15,0.882352941176471
"BETPAP_G12_8",47,"11",52,"15","BETPAP","BETPAP_G12","8","B",1,17,15,0.882352941176471
"BETPAP_G12_9",73,"10",80,"15","BETPAP","BETPAP_G12","9","B",1,17,15,0.882352941176471
"BETPAP_G13_1",56,"9",80,"14","BETPAP","BETPAP_G13","1","B",0,11,9,0.818181818181818
"BETPAP_G13_10",62,"9",76,"15","BETPAP","BETPAP_G13","10","B",1,11,9,0.818181818181818
"BETPAP_G13_11",67,"9",80,"9","BETPAP","BETPAP_G13","11","B",1,11,9,0.818181818181818
"BETPAP_G13_2",56,"9",76,"15","BETPAP","BETPAP_G13","2","B",1,11,9,0.818181818181818
"BETPAP_G13_3",56,"9",73,"15","BETPAP","BETPAP_G13","3","B",1,11,9,0.818181818181818
"BETPAP_G13_4",80,"9",80,"9","BETPAP","BETPAP_G13","4","B",1,11,9,0.818181818181818
"BETPAP_G13_5",56,"9",69,"15","BETPAP","BETPAP_G13","5","B",1,11,9,0.818181818181818
"BETPAP_G13_6",80,"10",80,"10","BETPAP","BETPAP_G13","6","B",0,11,9,0.818181818181818
"BETPAP_G13_7",67,"10",80,"15","BETPAP","BETPAP_G13","7","B",1,11,9,0.818181818181818
"BETPAP_G13_8",56,"9",69,"15","BETPAP","BETPAP_G13","8","B",1,11,9,0.818181818181818
"BETPAP_G13_9",67,"10",76,"15","BETPAP","BETPAP_G13","9","B",1,11,9,0.818181818181818
"BETPAP_G14_1",88,"13",88,"13","BETPAP","BETPAP_G14","1","B",0,25,23,0.92
"BETPAP_G14_10",80,"9",88,"15","BETPAP","BETPAP_G14","10","B",1,25,23,0.92
"BETPAP_G14_11",80,"9",88,"15","BETPAP","BETPAP_G14","11","B",1,25,23,0.92
"BETPAP_G14_12",80,"15",80,"15","BETPAP","BETPAP_G14","12","B",1,25,23,0.92
"BETPAP_G14_13",50,"9",73,"15","BETPAP","BETPAP_G14","13","B",1,25,23,0.92
"BETPAP_G14_14",67,"10",76,"15","BETPAP","BETPAP_G14","14","B",1,25,23,0.92
"BETPAP_G14_15",52,"9",73,"15","BETPAP","BETPAP_G14","15","B",1,25,23,0.92
"BETPAP_G14_16",47,"9",62,"15","BETPAP","BETPAP_G14","16","B",1,25,23,0.92
"BETPAP_G14_17",20,"9",62,"15","BETPAP","BETPAP_G14","17","B",1,25,23,0.92
"BETPAP_G14_18",40,"10",52,"15","BETPAP","BETPAP_G14","18","B",1,25,23,0.92
"BETPAP_G14_19",31,"9",52,"15","BETPAP","BETPAP_G14","19","B",1,25,23,0.92
"BETPAP_G14_2",83,"9",88,"14","BETPAP","BETPAP_G14","2","B",0,25,23,0.92
"BETPAP_G14_20",24,"9",67,"15","BETPAP","BETPAP_G14","20","B",1,25,23,0.92
"BETPAP_G14_21",24,"9",62,"15","BETPAP","BETPAP_G14","21","B",1,25,23,0.92
"BETPAP_G14_22",24,"9",56,"15","BETPAP","BETPAP_G14","22","B",1,25,23,0.92
"BETPAP_G14_23",24,"9",50,"15","BETPAP","BETPAP_G14","23","B",1,25,23,0.92
"BETPAP_G14_24",24,"9",67,"15","BETPAP","BETPAP_G14","24","B",1,25,23,0.92
"BETPAP_G14_25",24,"9",62,"15","BETPAP","BETPAP_G14","25","B",1,25,23,0.92
"BETPAP_G14_3",73,"9",83,"15","BETPAP","BETPAP_G14","3","B",1,25,23,0.92
"BETPAP_G14_4",73,"9",83,"15","BETPAP","BETPAP_G14","4","B",1,25,23,0.92
"BETPAP_G14_5",56,"9",73,"15","BETPAP","BETPAP_G14","5","B",1,25,23,0.92
"BETPAP_G14_6",50,"9",73,"15","BETPAP","BETPAP_G14","6","B",1,25,23,0.92
"BETPAP_G14_7",73,"10",80,"15","BETPAP","BETPAP_G14","7","B",1,25,23,0.92
"BETPAP_G14_8",35,"9",56,"15","BETPAP","BETPAP_G14","8","B",1,25,23,0.92
"BETPAP_G14_9",47,"9",73,"15","BETPAP","BETPAP_G14","9","B",1,25,23,0.92
"BETPOP_W01_1",31,"10",38,"15","BETPOP","BETPOP_W01","1","A",1,25,23,0.92
"BETPOP_W01_10",31,"9",38,"15","BETPOP","BETPOP_W01","10","A",1,25,23,0.92
"BETPOP_W01_11",31,"9",38,"15","BETPOP","BETPOP_W01","11","A",1,25,23,0.92
"BETPOP_W01_12",24,"10",35,"15","BETPOP","BETPOP_W01","12","A",1,25,23,0.92
"BETPOP_W01_13",24,"9",38,"15","BETPOP","BETPOP_W01","13","A",1,25,23,0.92
"BETPOP_W01_14",31,"11",38,"15","BETPOP","BETPOP_W01","14","A",1,25,23,0.92
"BETPOP_W01_15",31,"10",38,"15","BETPOP","BETPOP_W01","15","A",1,25,23,0.92
"BETPOP_W01_16",24,"10",35,"15","BETPOP","BETPOP_W01","16","A",1,25,23,0.92
"BETPOP_W01_17",24,"10",35,"15","BETPOP","BETPOP_W01","17","A",1,25,23,0.92
"BETPOP_W01_18",24,"9",38,"15","BETPOP","BETPOP_W01","18","A",1,25,23,0.92
"BETPOP_W01_19",24,"9",35,"15","BETPOP","BETPOP_W01","19","A",1,25,23,0.92
"BETPOP_W01_2",31,"10",38,"15","BETPOP","BETPOP_W01","2","A",1,25,23,0.92
"BETPOP_W01_20",17,"10",31,"15","BETPOP","BETPOP_W01","20","A",1,25,23,0.92
"BETPOP_W01_21",24,"10",35,"15","BETPOP","BETPOP_W01","21","A",1,25,23,0.92
"BETPOP_W01_22",24,"9",35,"15","BETPOP","BETPOP_W01","22","A",1,25,23,0.92
"BETPOP_W01_23",24,"11",31,"15","BETPOP","BETPOP_W01","23","A",1,25,23,0.92
"BETPOP_W01_24",24,"11",31,"15","BETPOP","BETPOP_W01","24","A",1,25,23,0.92
"BETPOP_W01_25",24,"9",35,"15","BETPOP","BETPOP_W01","25","A",1,25,23,0.92
"BETPOP_W01_3",31,"10",38,"15","BETPOP","BETPOP_W01","3","A",1,25,23,0.92
"BETPOP_W01_4",31,"11",38,"15","BETPOP","BETPOP_W01","4","A",1,25,23,0.92
"BETPOP_W01_5",24,"9",38,"15","BETPOP","BETPOP_W01","5","A",1,25,23,0.92
"BETPOP_W01_6",24,"9",38,"14","BETPOP","BETPOP_W01","6","A",0,25,23,0.92
"BETPOP_W01_7",24,"9",38,"14","BETPOP","BETPOP_W01","7","A",0,25,23,0.92
"BETPOP_W01_8",24,"9",38,"15","BETPOP","BETPOP_W01","8","A",1,25,23,0.92
"BETPOP_W01_9",24,"9",38,"15","BETPOP","BETPOP_W01","9","A",1,25,23,0.92
"BETPOP_W02_1",31,"9",40,"15","BETPOP","BETPOP_W02","1","B",1,28,26,0.928571428571429
"BETPOP_W02_11",20,"9",31,"15","BETPOP","BETPOP_W02","11","B",1,28,26,0.928571428571429
"BETPOP_W02_12",20,"9",31,"15","BETPOP","BETPOP_W02","12","B",1,28,26,0.928571428571429
"BETPOP_W02_13",20,"10",31,"15","BETPOP","BETPOP_W02","13","B",1,28,26,0.928571428571429
"BETPOP_W02_14",24,"9",35,"15","BETPOP","BETPOP_W02","14","B",1,28,26,0.928571428571429
"BETPOP_W02_16",20,"9",35,"15","BETPOP","BETPOP_W02","16","B",1,28,26,0.928571428571429
"BETPOP_W02_17",14,"9",24,"15","BETPOP","BETPOP_W02","17","B",1,28,26,0.928571428571429
"BETPOP_W02_18",14,"9",31,"15","BETPOP","BETPOP_W02","18","B",1,28,26,0.928571428571429
"BETPOP_W02_19",14,"9",31,"15","BETPOP","BETPOP_W02","19","B",1,28,26,0.928571428571429
"BETPOP_W02_2",31,"9",38,"15","BETPOP","BETPOP_W02","2","B",1,28,26,0.928571428571429
"BETPOP_W02_20",24,"10",35,"15","BETPOP","BETPOP_W02","20","B",1,28,26,0.928571428571429
"BETPOP_W02_21",24,"9",35,"15","BETPOP","BETPOP_W02","21","B",1,28,26,0.928571428571429
"BETPOP_W02_22",24,"9",35,"15","BETPOP","BETPOP_W02","22","B",1,28,26,0.928571428571429
"BETPOP_W02_23",24,"9",31,"15","BETPOP","BETPOP_W02","23","B",1,28,26,0.928571428571429
"BETPOP_W02_24",24,"10",35,"15","BETPOP","BETPOP_W02","24","B",1,28,26,0.928571428571429
"BETPOP_W02_25",24,"9",35,"15","BETPOP","BETPOP_W02","25","B",1,28,26,0.928571428571429
"BETPOP_W02_26",14,"10",20,"15","BETPOP","BETPOP_W02","26","B",1,28,26,0.928571428571429
"BETPOP_W02_27",14,"9",31,"15","BETPOP","BETPOP_W02","27","B",1,28,26,0.928571428571429
"BETPOP_W02_28",14,"10",31,"15","BETPOP","BETPOP_W02","28","B",1,28,26,0.928571428571429
"BETPOP_W02_29",14,"9",31,"15","BETPOP","BETPOP_W02","29","B",1,28,26,0.928571428571429
"BETPOP_W02_3",31,"10",38,"15","BETPOP","BETPOP_W02","3","B",1,28,26,0.928571428571429
"BETPOP_W02_30",14,"9",24,"15","BETPOP","BETPOP_W02","30","B",1,28,26,0.928571428571429
"BETPOP_W02_4",31,"12",35,"14","BETPOP","BETPOP_W02","4","B",0,28,26,0.928571428571429
"BETPOP_W02_5",24,"10",31,"15","BETPOP","BETPOP_W02","5","B",1,28,26,0.928571428571429
"BETPOP_W02_6",24,"9",35,"15","BETPOP","BETPOP_W02","6","B",1,28,26,0.928571428571429
"BETPOP_W02_7",24,"9",31,"15","BETPOP","BETPOP_W02","7","B",1,28,26,0.928571428571429
"BETPOP_W02_8",24,"10",31,"14","BETPOP","BETPOP_W02","8","B",0,28,26,0.928571428571429
"BETPOP_W02_9",35,"15",35,"15","BETPOP","BETPOP_W02","9","B",1,28,26,0.928571428571429
"BETPOP_W03_1",31,"9",38,"15","BETPOP","BETPOP_W03","1","A",1,32,31,0.96875
"BETPOP_W03_10",38,"9",47,"15","BETPOP","BETPOP_W03","10","A",1,32,31,0.96875
"BETPOP_W03_11",35,"9",43,"15","BETPOP","BETPOP_W03","11","A",1,32,31,0.96875
"BETPOP_W03_12",35,"9",43,"15","BETPOP","BETPOP_W03","12","A",1,32,31,0.96875
"BETPOP_W03_13",47,"10",47,"10","BETPOP","BETPOP_W03","13","A",0,32,31,0.96875
"BETPOP_W03_14",20,"9",35,"15","BETPOP","BETPOP_W03","14","A",1,32,31,0.96875
"BETPOP_W03_15",31,"11",38,"15","BETPOP","BETPOP_W03","15","A",1,32,31,0.96875
"BETPOP_W03_16",31,"11",38,"15","BETPOP","BETPOP_W03","16","A",1,32,31,0.96875
"BETPOP_W03_17",31,"10",35,"15","BETPOP","BETPOP_W03","17","A",1,32,31,0.96875
"BETPOP_W03_18",20,"9",35,"15","BETPOP","BETPOP_W03","18","A",1,32,31,0.96875
"BETPOP_W03_19",24,"9",31,"15","BETPOP","BETPOP_W03","19","A",1,32,31,0.96875
"BETPOP_W03_2",31,"9",40,"15","BETPOP","BETPOP_W03","2","A",1,32,31,0.96875
"BETPOP_W03_20",24,"9",35,"15","BETPOP","BETPOP_W03","20","A",1,32,31,0.96875
"BETPOP_W03_21",20,"9",31,"15","BETPOP","BETPOP_W03","21","A",1,32,31,0.96875
"BETPOP_W03_22",20,"9",31,"15","BETPOP","BETPOP_W03","22","A",1,32,31,0.96875
"BETPOP_W03_23",20,"9",31,"15","BETPOP","BETPOP_W03","23","A",1,32,31,0.96875
"BETPOP_W03_24",24,"10",35,"15","BETPOP","BETPOP_W03","24","A",1,32,31,0.96875
"BETPOP_W03_25",20,"9",35,"15","BETPOP","BETPOP_W03","25","A",1,32,31,0.96875
"BETPOP_W03_26",24,"9",31,"15","BETPOP","BETPOP_W03","26","A",1,32,31,0.96875
"BETPOP_W03_27",24,"10",31,"15","BETPOP","BETPOP_W03","27","A",1,32,31,0.96875
"BETPOP_W03_28",24,"9",31,"15","BETPOP","BETPOP_W03","28","A",1,32,31,0.96875
"BETPOP_W03_29",14,"9",24,"15","BETPOP","BETPOP_W03","29","A",1,32,31,0.96875
"BETPOP_W03_3",31,"10",38,"15","BETPOP","BETPOP_W03","3","A",1,32,31,0.96875
"BETPOP_W03_30",14,"9",24,"15","BETPOP","BETPOP_W03","30","A",1,32,31,0.96875
"BETPOP_W03_31",14,"9",24,"15","BETPOP","BETPOP_W03","31","A",1,32,31,0.96875
"BETPOP_W03_32",14,"9",24,"15","BETPOP","BETPOP_W03","32","A",1,32,31,0.96875
"BETPOP_W03_4",31,"10",38,"15","BETPOP","BETPOP_W03","4","A",1,32,31,0.96875
"BETPOP_W03_5",31,"9",40,"15","BETPOP","BETPOP_W03","5","A",1,32,31,0.96875
"BETPOP_W03_6",31,"10",40,"15","BETPOP","BETPOP_W03","6","A",1,32,31,0.96875
"BETPOP_W03_7",35,"9",40,"15","BETPOP","BETPOP_W03","7","A",1,32,31,0.96875
"BETPOP_W03_8",20,"9",35,"15","BETPOP","BETPOP_W03","8","A",1,32,31,0.96875
"BETPOP_W03_9",31,"12",38,"15","BETPOP","BETPOP_W03","9","A",1,32,31,0.96875
"BETPOP_W04_1",38,"9",50,"15","BETPOP","BETPOP_W04","1","B",1,8,4,0.5
"BETPOP_W04_2",38,"9",50,"14","BETPOP","BETPOP_W04","2","B",0,8,4,0.5
"BETPOP_W04_3",38,"9",50,"14","BETPOP","BETPOP_W04","3","B",0,8,4,0.5
"BETPOP_W04_4",38,"9",50,"15","BETPOP","BETPOP_W04","4","B",1,8,4,0.5
"BETPOP_W04_5",38,"9",50,"14","BETPOP","BETPOP_W04","5","B",0,8,4,0.5
"BETPOP_W04_6",38,"9",50,"14","BETPOP","BETPOP_W04","6","B",0,8,4,0.5
"BETPOP_W04_7",38,"10",50,"15","BETPOP","BETPOP_W04","7","B",1,8,4,0.5
"BETPOP_W04_8",38,"9",50,"15","BETPOP","BETPOP_W04","8","B",1,8,4,0.5
"BETPOP_W05_1",38,"9",50,"15","BETPOP","BETPOP_W05","1","A",1,24,19,0.791666666666667
"BETPOP_W05_10",35,"9",43,"15","BETPOP","BETPOP_W05","10","A",1,24,19,0.791666666666667
"BETPOP_W05_11",35,"10",43,"15","BETPOP","BETPOP_W05","11","A",1,24,19,0.791666666666667
"BETPOP_W05_12",35,"9",47,"15","BETPOP","BETPOP_W05","12","A",1,24,19,0.791666666666667
"BETPOP_W05_13",35,"9",50,"15","BETPOP","BETPOP_W05","13","A",1,24,19,0.791666666666667
"BETPOP_W05_14",35,"9",47,"15","BETPOP","BETPOP_W05","14","A",1,24,19,0.791666666666667
"BETPOP_W05_15",35,"9",47,"15","BETPOP","BETPOP_W05","15","A",1,24,19,0.791666666666667
"BETPOP_W05_16",35,"9",43,"15","BETPOP","BETPOP_W05","16","A",1,24,19,0.791666666666667
"BETPOP_W05_17",40,"9",50,"14","BETPOP","BETPOP_W05","17","A",0,24,19,0.791666666666667
"BETPOP_W05_18",38,"9",50,"15","BETPOP","BETPOP_W05","18","A",1,24,19,0.791666666666667
"BETPOP_W05_19",40,"9",50,"13","BETPOP","BETPOP_W05","19","A",0,24,19,0.791666666666667
"BETPOP_W05_2",38,"9",50,"15","BETPOP","BETPOP_W05","2","A",1,24,19,0.791666666666667
"BETPOP_W05_20",31,"9",38,"15","BETPOP","BETPOP_W05","20","A",1,24,19,0.791666666666667
"BETPOP_W05_21",35,"9",43,"15","BETPOP","BETPOP_W05","21","A",1,24,19,0.791666666666667
"BETPOP_W05_22",35,"10",43,"15","BETPOP","BETPOP_W05","22","A",1,24,19,0.791666666666667
"BETPOP_W05_23",35,"10",43,"15","BETPOP","BETPOP_W05","23","A",1,24,19,0.791666666666667
"BETPOP_W05_24",38,"10",50,"15","BETPOP","BETPOP_W05","24","A",1,24,19,0.791666666666667
"BETPOP_W05_3",38,"9",50,"15","BETPOP","BETPOP_W05","3","A",1,24,19,0.791666666666667
"BETPOP_W05_4",38,"9",47,"15","BETPOP","BETPOP_W05","4","A",1,24,19,0.791666666666667
"BETPOP_W05_5",38,"9",50,"15","BETPOP","BETPOP_W05","5","A",1,24,19,0.791666666666667
"BETPOP_W05_6",40,"9",50,"11","BETPOP","BETPOP_W05","6","A",0,24,19,0.791666666666667
"BETPOP_W05_7",43,"9",50,"13","BETPOP","BETPOP_W05","7","A",0,24,19,0.791666666666667
"BETPOP_W05_8",38,"9",50,"15","BETPOP","BETPOP_W05","8","A",1,24,19,0.791666666666667
"BETPOP_W05_9",43,"9",50,"11","BETPOP","BETPOP_W05","9","A",0,24,19,0.791666666666667
"BETPOP_W06_1",31,"10",47,"15","BETPOP","BETPOP_W06","1","B",1,20,16,0.8
"BETPOP_W06_10",31,"9",50,"11","BETPOP","BETPOP_W06","10","B",0,20,16,0.8
"BETPOP_W06_11",31,"9",47,"15","BETPOP","BETPOP_W06","11","B",1,20,16,0.8
"BETPOP_W06_12",35,"10",47,"15","BETPOP","BETPOP_W06","12","B",1,20,16,0.8
"BETPOP_W06_13",31,"10",47,"15","BETPOP","BETPOP_W06","13","B",1,20,16,0.8
"BETPOP_W06_14",31,"10",43,"15","BETPOP","BETPOP_W06","14","B",1,20,16,0.8
"BETPOP_W06_15",31,"11",38,"15","BETPOP","BETPOP_W06","15","B",1,20,16,0.8
"BETPOP_W06_16",31,"9",47,"15","BETPOP","BETPOP_W06","16","B",1,20,16,0.8
"BETPOP_W06_17",24,"10",31,"15","BETPOP","BETPOP_W06","17","B",1,20,16,0.8
"BETPOP_W06_18",20,"10",31,"15","BETPOP","BETPOP_W06","18","B",1,20,16,0.8
"BETPOP_W06_19",20,"9",31,"15","BETPOP","BETPOP_W06","19","B",1,20,16,0.8
"BETPOP_W06_20",17,"9",31,"15","BETPOP","BETPOP_W06","20","B",1,20,16,0.8
"BETPOP_W06_21",17,"9",35,"15","BETPOP","BETPOP_W06","21","B",1,20,16,0.8
"BETPOP_W06_22",24,"10",35,"15","BETPOP","BETPOP_W06","22","B",1,20,16,0.8
"BETPOP_W06_23",35,"14",38,"15","BETPOP","BETPOP_W06","23","B",1,20,16,0.8
"BETPOP_W06_24",43,"9",50,"11","BETPOP","BETPOP_W06","24","B",0,20,16,0.8
"BETPOP_W06_3",47,"9",50,"10","BETPOP","BETPOP_W06","3","B",0,20,16,0.8
"BETPOP_W06_5",31,"9",47,"15","BETPOP","BETPOP_W06","5","B",1,20,16,0.8
"BETPOP_W06_7",35,"9",50,"14","BETPOP","BETPOP_W06","7","B",0,20,16,0.8
"BETPOP_W06_9",24,"9",47,"15","BETPOP","BETPOP_W06","9","B",1,20,16,0.8
"BETPOP_W07_1",20,"9",38,"15","BETPOP","BETPOP_W07","1","A",1,37,26,0.702702702702703
"BETPOP_W07_10",35,"9",47,"14","BETPOP","BETPOP_W07","10","A",0,37,26,0.702702702702703
"BETPOP_W07_11",35,"9",47,"15","BETPOP","BETPOP_W07","11","A",1,37,26,0.702702702702703
"BETPOP_W07_12",20,"9",47,"15","BETPOP","BETPOP_W07","12","A",1,37,26,0.702702702702703
"BETPOP_W07_13",38,"9",47,"13","BETPOP","BETPOP_W07","13","A",0,37,26,0.702702702702703
"BETPOP_W07_14",35,"10",43,"15","BETPOP","BETPOP_W07","14","A",1,37,26,0.702702702702703
"BETPOP_W07_15",38,"9",47,"13","BETPOP","BETPOP_W07","15","A",0,37,26,0.702702702702703
"BETPOP_W07_16",20,"9",40,"15","BETPOP","BETPOP_W07","16","A",1,37,26,0.702702702702703
"BETPOP_W07_17",35,"10",47,"15","BETPOP","BETPOP_W07","17","A",1,37,26,0.702702702702703
"BETPOP_W07_18",35,"9",47,"14","BETPOP","BETPOP_W07","18","A",0,37,26,0.702702702702703
"BETPOP_W07_19",35,"9",47,"13","BETPOP","BETPOP_W07","19","A",0,37,26,0.702702702702703
"BETPOP_W07_2",38,"9",47,"14","BETPOP","BETPOP_W07","2","A",0,37,26,0.702702702702703
"BETPOP_W07_20",24,"9",43,"15","BETPOP","BETPOP_W07","20","A",1,37,26,0.702702702702703
"BETPOP_W07_21",31,"9",47,"15","BETPOP","BETPOP_W07","21","A",1,37,26,0.702702702702703
"BETPOP_W07_22",31,"9",47,"15","BETPOP","BETPOP_W07","22","A",1,37,26,0.702702702702703
"BETPOP_W07_23",31,"9",47,"15","BETPOP","BETPOP_W07","23","A",1,37,26,0.702702702702703
"BETPOP_W07_24",20,"9",40,"15","BETPOP","BETPOP_W07","24","A",1,37,26,0.702702702702703
"BETPOP_W07_25",31,"9",47,"15","BETPOP","BETPOP_W07","25","A",1,37,26,0.702702702702703
"BETPOP_W07_26",31,"9",47,"15","BETPOP","BETPOP_W07","26","A",1,37,26,0.702702702702703
"BETPOP_W07_27",35,"9",47,"15","BETPOP","BETPOP_W07","27","A",1,37,26,0.702702702702703
"BETPOP_W07_28",35,"9",47,"15","BETPOP","BETPOP_W07","28","A",1,37,26,0.702702702702703
"BETPOP_W07_29",20,"9",47,"15","BETPOP","BETPOP_W07","29","A",1,37,26,0.702702702702703
"BETPOP_W07_3",38,"9",47,"14","BETPOP","BETPOP_W07","3","A",0,37,26,0.702702702702703
"BETPOP_W07_30",35,"9",47,"15","BETPOP","BETPOP_W07","30","A",1,37,26,0.702702702702703
"BETPOP_W07_31",31,"9",47,"12","BETPOP","BETPOP_W07","31","A",0,37,26,0.702702702702703
"BETPOP_W07_32",35,"9",47,"15","BETPOP","BETPOP_W07","32","A",1,37,26,0.702702702702703
"BETPOP_W07_33",35,"9",47,"14","BETPOP","BETPOP_W07","33","A",0,37,26,0.702702702702703
"BETPOP_W07_34",24,"9",43,"15","BETPOP","BETPOP_W07","34","A",1,37,26,0.702702702702703
"BETPOP_W07_35",31,"9",43,"15","BETPOP","BETPOP_W07","35","A",1,37,26,0.702702702702703
"BETPOP_W07_36",35,"9",47,"15","BETPOP","BETPOP_W07","36","A",1,37,26,0.702702702702703
"BETPOP_W07_37",35,"9",43,"15","BETPOP","BETPOP_W07","37","A",1,37,26,0.702702702702703
"BETPOP_W07_4",38,"9",47,"14","BETPOP","BETPOP_W07","4","A",0,37,26,0.702702702702703
"BETPOP_W07_5",31,"9",47,"15","BETPOP","BETPOP_W07","5","A",1,37,26,0.702702702702703
"BETPOP_W07_6",24,"9",47,"15","BETPOP","BETPOP_W07","6","A",1,37,26,0.702702702702703
"BETPOP_W07_7",31,"9",43,"15","BETPOP","BETPOP_W07","7","A",1,37,26,0.702702702702703
"BETPOP_W07_8",20,"9",47,"15","BETPOP","BETPOP_W07","8","A",1,37,26,0.702702702702703
"BETPOP_W07_9",35,"9",47,"14","BETPOP","BETPOP_W07","9","A",0,37,26,0.702702702702703
"BETPOP_W08_1",24,"9",38,"15","BETPOP","BETPOP_W08","1","B",1,17,10,0.588235294117647
"BETPOP_W08_10",24,"9",35,"15","BETPOP","BETPOP_W08","10","B",1,17,10,0.588235294117647
"BETPOP_W08_11",24,"9",35,"14","BETPOP","BETPOP_W08","11","B",0,17,10,0.588235294117647
"BETPOP_W08_12",24,"9",35,"15","BETPOP","BETPOP_W08","12","B",1,17,10,0.588235294117647
"BETPOP_W08_13",24,"9",35,"9","BETPOP","BETPOP_W08","13","B",1,17,10,0.588235294117647
"BETPOP_W08_16",31,"11",35,"12","BETPOP","BETPOP_W08","16","B",0,17,10,0.588235294117647
"BETPOP_W08_17",24,"10",35,"14","BETPOP","BETPOP_W08","17","B",0,17,10,0.588235294117647
"BETPOP_W08_18",35,"9",35,"9","BETPOP","BETPOP_W08","18","B",1,17,10,0.588235294117647
"BETPOP_W08_19",31,"15",31,"15","BETPOP","BETPOP_W08","19","B",1,17,10,0.588235294117647
"BETPOP_W08_2",24,"9",38,"15","BETPOP","BETPOP_W08","2","B",1,17,10,0.588235294117647
"BETPOP_W08_3",31,"11",35,"13","BETPOP","BETPOP_W08","3","B",0,17,10,0.588235294117647
"BETPOP_W08_4",31,"10",35,"13","BETPOP","BETPOP_W08","4","B",0,17,10,0.588235294117647
"BETPOP_W08_5",31,"10",35,"13","BETPOP","BETPOP_W08","5","B",0,17,10,0.588235294117647
"BETPOP_W08_6",31,"9",35,"12","BETPOP","BETPOP_W08","6","B",0,17,10,0.588235294117647
"BETPOP_W08_7",31,"12",35,"15","BETPOP","BETPOP_W08","7","B",1,17,10,0.588235294117647
"BETPOP_W08_8",24,"9",35,"15","BETPOP","BETPOP_W08","8","B",1,17,10,0.588235294117647
"BETPOP_W08_9",24,"9",35,"15","BETPOP","BETPOP_W08","9","B",1,17,10,0.588235294117647
"BETPOP_W09_1",31,"11",40,"15","BETPOP","BETPOP_W09","1","B",1,13,9,0.692307692307692
"BETPOP_W09_10",31,"9",35,"15","BETPOP","BETPOP_W09","10","B",1,13,9,0.692307692307692
"BETPOP_W09_11",31,"14",35,"15","BETPOP","BETPOP_W09","11","B",1,13,9,0.692307692307692
"BETPOP_W09_12",31,"15",31,"15","BETPOP","BETPOP_W09","12","B",1,13,9,0.692307692307692
"BETPOP_W09_13",31,"12",35,"15","BETPOP","BETPOP_W09","13","B",1,13,9,0.692307692307692
"BETPOP_W09_14",31,"11",35,"15","BETPOP","BETPOP_W09","14","B",1,13,9,0.692307692307692
"BETPOP_W09_2",31,"11",38,"15","BETPOP","BETPOP_W09","2","B",1,13,9,0.692307692307692
"BETPOP_W09_3",31,"12",38,"14","BETPOP","BETPOP_W09","3","B",0,13,9,0.692307692307692
"BETPOP_W09_4",31,"9",38,"14","BETPOP","BETPOP_W09","4","B",0,13,9,0.692307692307692
"BETPOP_W09_5",35,"12",38,"12","BETPOP","BETPOP_W09","5","B",0,13,9,0.692307692307692
"BETPOP_W09_6",31,"9",38,"13","BETPOP","BETPOP_W09","6","B",0,13,9,0.692307692307692
"BETPOP_W09_7",31,"11",38,"15","BETPOP","BETPOP_W09","7","B",1,13,9,0.692307692307692
"BETPOP_W09_9",31,"15",31,"15","BETPOP","BETPOP_W09","9","B",1,13,9,0.692307692307692
"BETPOP_W10_1",24,"9",52,"15","BETPOP","BETPOP_W10","1","A",1,18,15,0.833333333333333
"BETPOP_W10_10",35,"9",43,"15","BETPOP","BETPOP_W10","10","A",1,18,15,0.833333333333333
"BETPOP_W10_11",35,"10",40,"15","BETPOP","BETPOP_W10","11","A",1,18,15,0.833333333333333
"BETPOP_W10_12",35,"9",43,"15","BETPOP","BETPOP_W10","12","A",1,18,15,0.833333333333333
"BETPOP_W10_13",43,"9",52,"11","BETPOP","BETPOP_W10","13","A",0,18,15,0.833333333333333
"BETPOP_W10_14",35,"9",43,"15","BETPOP","BETPOP_W10","14","A",1,18,15,0.833333333333333
"BETPOP_W10_15",35,"9",43,"15","BETPOP","BETPOP_W10","15","A",1,18,15,0.833333333333333
"BETPOP_W10_16",31,"10",38,"15","BETPOP","BETPOP_W10","16","A",1,18,15,0.833333333333333
"BETPOP_W10_17",31,"9",38,"15","BETPOP","BETPOP_W10","17","A",1,18,15,0.833333333333333
"BETPOP_W10_18",31,"9",38,"15","BETPOP","BETPOP_W10","18","A",1,18,15,0.833333333333333
"BETPOP_W10_2",40,"9",52,"14","BETPOP","BETPOP_W10","2","A",0,18,15,0.833333333333333
"BETPOP_W10_3",38,"9",52,"15","BETPOP","BETPOP_W10","3","A",1,18,15,0.833333333333333
"BETPOP_W10_4",43,"9",52,"14","BETPOP","BETPOP_W10","4","A",0,18,15,0.833333333333333
"BETPOP_W10_5",43,"9",52,"15","BETPOP","BETPOP_W10","5","A",1,18,15,0.833333333333333
"BETPOP_W10_6",43,"11",50,"15","BETPOP","BETPOP_W10","6","A",1,18,15,0.833333333333333
"BETPOP_W10_7",38,"9",50,"15","BETPOP","BETPOP_W10","7","A",1,18,15,0.833333333333333
"BETPOP_W10_8",38,"10",47,"15","BETPOP","BETPOP_W10","8","A",1,18,15,0.833333333333333
"BETPOP_W10_9",35,"9",43,"15","BETPOP","BETPOP_W10","9","A",1,18,15,0.833333333333333
"BETPOP_W11_1",40,"11",47,"15","BETPOP","BETPOP_W11","1","A",1,20,18,0.9
"BETPOP_W11_10",47,"9",52,"15","BETPOP","BETPOP_W11","10","A",1,20,18,0.9
"BETPOP_W11_11",35,"9",47,"15","BETPOP","BETPOP_W11","11","A",1,20,18,0.9
"BETPOP_W11_12",31,"9",38,"15","BETPOP","BETPOP_W11","12","A",1,20,18,0.9
"BETPOP_W11_13",24,"10",31,"15","BETPOP","BETPOP_W11","13","A",1,20,18,0.9
"BETPOP_W11_14",24,"10",24,"10","BETPOP","BETPOP_W11","14","A",0,20,18,0.9
"BETPOP_W11_15",24,"9",35,"15","BETPOP","BETPOP_W11","15","A",1,20,18,0.9
"BETPOP_W11_16",31,"11",38,"15","BETPOP","BETPOP_W11","16","A",1,20,18,0.9
"BETPOP_W11_17",24,"15",24,"15","BETPOP","BETPOP_W11","17","A",1,20,18,0.9
"BETPOP_W11_18",24,"14",31,"15","BETPOP","BETPOP_W11","18","A",1,20,18,0.9
"BETPOP_W11_19",24,"12",31,"15","BETPOP","BETPOP_W11","19","A",1,20,18,0.9
"BETPOP_W11_2",40,"9",52,"15","BETPOP","BETPOP_W11","2","A",1,20,18,0.9
"BETPOP_W11_20",24,"12",31,"15","BETPOP","BETPOP_W11","20","A",1,20,18,0.9
"BETPOP_W11_3",43,"9",52,"14","BETPOP","BETPOP_W11","3","A",0,20,18,0.9
"BETPOP_W11_4",40,"9",52,"15","BETPOP","BETPOP_W11","4","A",1,20,18,0.9
"BETPOP_W11_5",40,"9",50,"15","BETPOP","BETPOP_W11","5","A",1,20,18,0.9
"BETPOP_W11_6",35,"9",47,"15","BETPOP","BETPOP_W11","6","A",1,20,18,0.9
"BETPOP_W11_7",43,"9",52,"15","BETPOP","BETPOP_W11","7","A",1,20,18,0.9
"BETPOP_W11_8",35,"9",47,"15","BETPOP","BETPOP_W11","8","A",1,20,18,0.9
"BETPOP_W11_9",31,"9",40,"15","BETPOP","BETPOP_W11","9","A",1,20,18,0.9
"BETPOP_W12_1",40,"10",52,"15","BETPOP","BETPOP_W12","1","B",1,38,31,0.815789473684211
"BETPOP_W12_10",35,"10",50,"15","BETPOP","BETPOP_W12","10","B",1,38,31,0.815789473684211
"BETPOP_W12_11",35,"9",50,"12","BETPOP","BETPOP_W12","11","B",0,38,31,0.815789473684211
"BETPOP_W12_12",38,"9",50,"14","BETPOP","BETPOP_W12","12","B",0,38,31,0.815789473684211
"BETPOP_W12_13",24,"9",40,"15","BETPOP","BETPOP_W12","13","B",1,38,31,0.815789473684211
"BETPOP_W12_14",24,"9",47,"15","BETPOP","BETPOP_W12","14","B",1,38,31,0.815789473684211
"BETPOP_W12_15",24,"9",40,"15","BETPOP","BETPOP_W12","15","B",1,38,31,0.815789473684211
"BETPOP_W12_16",31,"10",38,"15","BETPOP","BETPOP_W12","16","B",1,38,31,0.815789473684211
"BETPOP_W12_17",31,"10",38,"15","BETPOP","BETPOP_W12","17","B",1,38,31,0.815789473684211
"BETPOP_W12_18",31,"9",40,"15","BETPOP","BETPOP_W12","18","B",1,38,31,0.815789473684211
"BETPOP_W12_19",31,"9",40,"15","BETPOP","BETPOP_W12","19","B",1,38,31,0.815789473684211
"BETPOP_W12_2",40,"9",50,"9","BETPOP","BETPOP_W12","2","B",1,38,31,0.815789473684211
"BETPOP_W12_20",31,"11",38,"15","BETPOP","BETPOP_W12","20","B",1,38,31,0.815789473684211
"BETPOP_W12_21",31,"10",38,"15","BETPOP","BETPOP_W12","21","B",1,38,31,0.815789473684211
"BETPOP_W12_22",20,"9",35,"15","BETPOP","BETPOP_W12","22","B",1,38,31,0.815789473684211
"BETPOP_W12_23",38,"15",38,"15","BETPOP","BETPOP_W12","23","B",1,38,31,0.815789473684211
"BETPOP_W12_24",24,"9",35,"15","BETPOP","BETPOP_W12","24","B",1,38,31,0.815789473684211
"BETPOP_W12_25",24,"9",38,"15","BETPOP","BETPOP_W12","25","B",1,38,31,0.815789473684211
"BETPOP_W12_26",24,"9",38,"15","BETPOP","BETPOP_W12","26","B",1,38,31,0.815789473684211
"BETPOP_W12_27",24,"9",35,"15","BETPOP","BETPOP_W12","27","B",1,38,31,0.815789473684211
"BETPOP_W12_28",24,"9",35,"15","BETPOP","BETPOP_W12","28","B",1,38,31,0.815789473684211
"BETPOP_W12_29",24,"9",35,"15","BETPOP","BETPOP_W12","29","B",1,38,31,0.815789473684211
"BETPOP_W12_3",40,"9",50,"10","BETPOP","BETPOP_W12","3","B",0,38,31,0.815789473684211
"BETPOP_W12_30",24,"9",35,"15","BETPOP","BETPOP_W12","30","B",1,38,31,0.815789473684211
"BETPOP_W12_31",24,"9",35,"15","BETPOP","BETPOP_W12","31","B",1,38,31,0.815789473684211
"BETPOP_W12_32",31,"9",40,"15","BETPOP","BETPOP_W12","32","B",1,38,31,0.815789473684211
"BETPOP_W12_33",31,"10",38,"15","BETPOP","BETPOP_W12","33","B",1,38,31,0.815789473684211
"BETPOP_W12_34",31,"10",40,"15","BETPOP","BETPOP_W12","34","B",1,38,31,0.815789473684211
"BETPOP_W12_35",20,"9",31,"15","BETPOP","BETPOP_W12","35","B",1,38,31,0.815789473684211
"BETPOP_W12_36",20,"9",31,"15","BETPOP","BETPOP_W12","36","B",1,38,31,0.815789473684211
"BETPOP_W12_37",24,"10",31,"15","BETPOP","BETPOP_W12","37","B",1,38,31,0.815789473684211
"BETPOP_W12_38",24,"9",31,"15","BETPOP","BETPOP_W12","38","B",1,38,31,0.815789473684211
"BETPOP_W12_4",40,"9",50,"10","BETPOP","BETPOP_W12","4","B",0,38,31,0.815789473684211
"BETPOP_W12_5",43,"9",50,"9","BETPOP","BETPOP_W12","5","B",1,38,31,0.815789473684211
"BETPOP_W12_6",40,"9",50,"13","BETPOP","BETPOP_W12","6","B",0,38,31,0.815789473684211
"BETPOP_W12_7",40,"10",50,"13","BETPOP","BETPOP_W12","7","B",0,38,31,0.815789473684211
"BETPOP_W12_8",35,"9",50,"14","BETPOP","BETPOP_W12","8","B",0,38,31,0.815789473684211
"BETPOP_W12_9",31,"9",47,"15","BETPOP","BETPOP_W12","9","B",1,38,31,0.815789473684211
"BETPOP_W13_1",40,"9",56,"15","BETPOP","BETPOP_W13","1","A",1,8,5,0.625
"BETPOP_W13_2",43,"9",62,"11","BETPOP","BETPOP_W13","2","A",0,8,5,0.625
"BETPOP_W13_3",43,"9",62,"13","BETPOP","BETPOP_W13","3","A",0,8,5,0.625
"BETPOP_W13_4",38,"9",47,"15","BETPOP","BETPOP_W13","4","A",1,8,5,0.625
"BETPOP_W13_5",38,"9",47,"15","BETPOP","BETPOP_W13","5","A",1,8,5,0.625
"BETPOP_W13_6",40,"9",62,"14","BETPOP","BETPOP_W13","6","A",0,8,5,0.625
"BETPOP_W13_7",43,"9",62,"9","BETPOP","BETPOP_W13","7","A",1,8,5,0.625
"BETPOP_W13_8",43,"9",62,"9","BETPOP","BETPOP_W13","8","A",1,8,5,0.625
"BETPOP_W14_1",52,"9",73,"15","BETPOP","BETPOP_W14","1","B",1,12,9,0.75
"BETPOP_W14_10",80,"9",88,"15","BETPOP","BETPOP_W14","10","B",1,12,9,0.75
"BETPOP_W14_11",88,"15",88,"15","BETPOP","BETPOP_W14","11","B",1,12,9,0.75
"BETPOP_W14_12",73,"9",83,"13","BETPOP","BETPOP_W14","12","B",0,12,9,0.75
"BETPOP_W14_13",73,"9",83,"13","BETPOP","BETPOP_W14","13","B",0,12,9,0.75
"BETPOP_W14_2",67,"9",83,"15","BETPOP","BETPOP_W14","2","B",1,12,9,0.75
"BETPOP_W14_3",83,"10",88,"15","BETPOP","BETPOP_W14","3","B",1,12,9,0.75
"BETPOP_W14_4",73,"9",88,"15","BETPOP","BETPOP_W14","4","B",1,12,9,0.75
"BETPOP_W14_5",67,"9",88,"9","BETPOP","BETPOP_W14","5","B",1,12,9,0.75
"BETPOP_W14_6",83,"11",88,"15","BETPOP","BETPOP_W14","6","B",1,12,9,0.75
"BETPOP_W14_7",73,"10",83,"15","BETPOP","BETPOP_W14","7","B",1,12,9,0.75
"BETPOP_W14_8",76,"10",83,"14","BETPOP","BETPOP_W14","8","B",0,12,9,0.75
"BETPOP_W15_1",80,"9",83,"10","BETPOP","BETPOP_W15","1","A",0,13,11,0.846153846153846
"BETPOP_W15_10",62,"9",76,"15","BETPOP","BETPOP_W15","10","A",1,13,11,0.846153846153846
"BETPOP_W15_11",52,"9",62,"15","BETPOP","BETPOP_W15","11","A",1,13,11,0.846153846153846
"BETPOP_W15_12",43,"9",69,"15","BETPOP","BETPOP_W15","12","A",1,13,11,0.846153846153846
"BETPOP_W15_13",40,"9",52,"15","BETPOP","BETPOP_W15","13","A",1,13,11,0.846153846153846
"BETPOP_W15_2",80,"10",83,"13","BETPOP","BETPOP_W15","2","A",0,13,11,0.846153846153846
"BETPOP_W15_3",67,"10",76,"15","BETPOP","BETPOP_W15","3","A",1,13,11,0.846153846153846
"BETPOP_W15_4",67,"11",73,"15","BETPOP","BETPOP_W15","4","A",1,13,11,0.846153846153846
"BETPOP_W15_5",52,"9",69,"15","BETPOP","BETPOP_W15","5","A",1,13,11,0.846153846153846
"BETPOP_W15_6",60,"9",73,"15","BETPOP","BETPOP_W15","6","A",1,13,11,0.846153846153846
"BETPOP_W15_7",67,"9",76,"15","BETPOP","BETPOP_W15","7","A",1,13,11,0.846153846153846
"BETPOP_W15_8",52,"9",73,"15","BETPOP","BETPOP_W15","8","A",1,13,11,0.846153846153846
"BETPOP_W15_9",67,"9",80,"15","BETPOP","BETPOP_W15","9","A",1,13,11,0.846153846153846
"SAMRAC_G01_1",14,"9",80,"13","SAMRAC","SAMRAC_G01","1","A",0,5,2,0.4
"SAMRAC_G01_2",17,"9",80,"15","SAMRAC","SAMRAC_G01","2","A",1,5,2,0.4
"SAMRAC_G01_3",31,"9",80,"9","SAMRAC","SAMRAC_G01","3","A",1,5,2,0.4
"SAMRAC_G01_4",31,"9",80,"10","SAMRAC","SAMRAC_G01","4","A",0,5,2,0.4
"SAMRAC_G01_5",31,"9",80,"11","SAMRAC","SAMRAC_G01","5","A",0,5,2,0.4
"SAMRAC_G02_1",14,"10",93,"15","SAMRAC","SAMRAC_G02","1","A",1,4,2,0.5
"SAMRAC_G02_2",14,"9",93,"15","SAMRAC","SAMRAC_G02","2","A",1,4,2,0.5
"SAMRAC_G02_3",38,"9",93,"12","SAMRAC","SAMRAC_G02","3","A",0,4,2,0.5
"SAMRAC_G02_4",38,"9",93,"11","SAMRAC","SAMRAC_G02","4","A",0,4,2,0.5
"SAMRAC_G03_1",35,"9",93,"15","SAMRAC","SAMRAC_G03","1","A",1,7,5,0.714285714285714
"SAMRAC_G03_2",35,"9",93,"11","SAMRAC","SAMRAC_G03","2","A",0,7,5,0.714285714285714
"SAMRAC_G03_3",35,"9",93,"15","SAMRAC","SAMRAC_G03","3","A",1,7,5,0.714285714285714
"SAMRAC_G03_4",38,"9",93,"10","SAMRAC","SAMRAC_G03","4","A",0,7,5,0.714285714285714
"SAMRAC_G03_5",24,"9",93,"15","SAMRAC","SAMRAC_G03","5","A",1,7,5,0.714285714285714
"SAMRAC_G03_6",31,"9",93,"15","SAMRAC","SAMRAC_G03","6","A",1,7,5,0.714285714285714
"SAMRAC_G03_7",31,"9",93,"15","SAMRAC","SAMRAC_G03","7","A",1,7,5,0.714285714285714
"SAMRAC_G04_1",14,"10",80,"15","SAMRAC","SAMRAC_G04","1","A",1,3,3,1
"SAMRAC_G04_2",14,"10",80,"15","SAMRAC","SAMRAC_G04","2","A",1,3,3,1
"SAMRAC_G04_3",56,"9",56,"9","SAMRAC","SAMRAC_G04","3","A",1,3,3,1
"SAMRAC_G05_1",50,"9",93,"15","SAMRAC","SAMRAC_G05","1","A",1,4,3,0.75
"SAMRAC_G05_2",50,"9",93,"15","SAMRAC","SAMRAC_G05","2","A",1,4,3,0.75
"SAMRAC_G05_3",24,"9",93,"15","SAMRAC","SAMRAC_G05","3","A",1,4,3,0.75
"SAMRAC_G05_4",43,"9",93,"11","SAMRAC","SAMRAC_G05","4","A",0,4,3,0.75
"SAMRAC_G06_1",14,"10",56,"15","SAMRAC","SAMRAC_G06","1","A",1,6,5,0.833333333333333
"SAMRAC_G06_2",17,"9",56,"10","SAMRAC","SAMRAC_G06","2","A",0,6,5,0.833333333333333
"SAMRAC_G06_3",14,"11",56,"15","SAMRAC","SAMRAC_G06","3","A",1,6,5,0.833333333333333
"SAMRAC_G06_4",17,"14",56,"15","SAMRAC","SAMRAC_G06","4","A",1,6,5,0.833333333333333
"SAMRAC_G06_5",14,"10",56,"15","SAMRAC","SAMRAC_G06","5","A",1,6,5,0.833333333333333
"SAMRAC_G06_6",14,"10",56,"15","SAMRAC","SAMRAC_G06","6","A",1,6,5,0.833333333333333
"SAMRAC_G07_1",14,"9",76,"15","SAMRAC","SAMRAC_G07","1","A",1,7,6,0.857142857142857
"SAMRAC_G07_2",14,"10",76,"15","SAMRAC","SAMRAC_G07","2","A",1,7,6,0.857142857142857
"SAMRAC_G07_3",31,"12",76,"15","SAMRAC","SAMRAC_G07","3","A",1,7,6,0.857142857142857
"SAMRAC_G07_4",20,"9",76,"15","SAMRAC","SAMRAC_G07","4","A",1,7,6,0.857142857142857
"SAMRAC_G07_5",14,"9",76,"13","SAMRAC","SAMRAC_G07","5","A",0,7,6,0.857142857142857
"SAMRAC_G07_6",14,"10",76,"15","SAMRAC","SAMRAC_G07","6","A",1,7,6,0.857142857142857
"SAMRAC_G07_7",69,"9",76,"9","SAMRAC","SAMRAC_G07","7","A",1,7,6,0.857142857142857
"SAMRAC_G08_1",17,"9",76,"15","SAMRAC","SAMRAC_G08","1","A",1,6,4,0.666666666666667
"SAMRAC_G08_2",17,"9",76,"15","SAMRAC","SAMRAC_G08","2","A",1,6,4,0.666666666666667
"SAMRAC_G08_3",17,"9",76,"15","SAMRAC","SAMRAC_G08","3","A",1,6,4,0.666666666666667
"SAMRAC_G08_4",24,"9",76,"11","SAMRAC","SAMRAC_G08","4","A",0,6,4,0.666666666666667
"SAMRAC_G08_5",43,"13",76,"15","SAMRAC","SAMRAC_G08","5","A",1,6,4,0.666666666666667
"SAMRAC_G08_6",62,"9",76,"10","SAMRAC","SAMRAC_G08","6","A",0,6,4,0.666666666666667
"SAMRAC_G09_1",14,"9",67,"15","SAMRAC","SAMRAC_G09","1","A",1,7,4,0.571428571428571
"SAMRAC_G09_2",14,"9",67,"14","SAMRAC","SAMRAC_G09","2","A",0,7,4,0.571428571428571
"SAMRAC_G09_3",14,"10",67,"15","SAMRAC","SAMRAC_G09","3","A",1,7,4,0.571428571428571
"SAMRAC_G09_4",17,"9",67,"13","SAMRAC","SAMRAC_G09","4","A",0,7,4,0.571428571428571
"SAMRAC_G09_5",17,"9",67,"15","SAMRAC","SAMRAC_G09","5","A",1,7,4,0.571428571428571
"SAMRAC_G09_6",35,"9",67,"12","SAMRAC","SAMRAC_G09","6","A",0,7,4,0.571428571428571
"SAMRAC_G09_7",35,"10",67,"15","SAMRAC","SAMRAC_G09","7","A",1,7,4,0.571428571428571
"SAMRAC_G11_1",14,"9",31,"15","SAMRAC","SAMRAC_G11","1","B",1,3,3,1
"SAMRAC_G11_2",24,"10",31,"15","SAMRAC","SAMRAC_G11","2","B",1,3,3,1
"SAMRAC_G11_3",14,"10",31,"15","SAMRAC","SAMRAC_G11","3","B",1,3,3,1
"SAMRAC_G12_1",14,"10",69,"0","SAMRAC","SAMRAC_G12","1","B",0,7,5,0.714285714285714
"SAMRAC_G12_2",35,"9",69,"0","SAMRAC","SAMRAC_G12","2","B",0,7,5,0.714285714285714
"SAMRAC_G12_3",38,"9",76,"15","SAMRAC","SAMRAC_G12","3","B",1,7,5,0.714285714285714
"SAMRAC_G12_4",24,"9",76,"15","SAMRAC","SAMRAC_G12","4","B",1,7,5,0.714285714285714
"SAMRAC_G12_5",24,"9",76,"15","SAMRAC","SAMRAC_G12","5","B",1,7,5,0.714285714285714
"SAMRAC_G12_6",24,"9",76,"15","SAMRAC","SAMRAC_G12","6","B",1,7,5,0.714285714285714
"SAMRAC_G12_7",20,"11",76,"15","SAMRAC","SAMRAC_G12","7","B",1,7,5,0.714285714285714
"SAMRAC_G14_1",14,"9",73,"15","SAMRAC","SAMRAC_G14","1","B",1,3,1,0.333333333333333
"SAMRAC_G14_2",17,"9",73,"11","SAMRAC","SAMRAC_G14","2","B",0,3,1,0.333333333333333
"SAMRAC_G14_3",20,"9",69,"11","SAMRAC","SAMRAC_G14","3","B",0,3,1,0.333333333333333
"SAMRAC_G15_1",14,"9",76,"12","SAMRAC","SAMRAC_G15","1","B",0,7,4,0.571428571428571
"SAMRAC_G15_2",35,"9",76,"15","SAMRAC","SAMRAC_G15","2","B",1,7,4,0.571428571428571
"SAMRAC_G15_3",14,"9",76,"15","SAMRAC","SAMRAC_G15","3","B",1,7,4,0.571428571428571
"SAMRAC_G15_4",24,"9",76,"10","SAMRAC","SAMRAC_G15","4","B",0,7,4,0.571428571428571
"SAMRAC_G15_5",24,"9",76,"15","SAMRAC","SAMRAC_G15","5","B",1,7,4,0.571428571428571
"SAMRAC_G15_6",31,"9",76,"15","SAMRAC","SAMRAC_G15","6","B",1,7,4,0.571428571428571
"SAMRAC_G15_7",35,"9",76,"11","SAMRAC","SAMRAC_G15","7","B",0,7,4,0.571428571428571
"SAMRAC_G16_1",14,"9",62,"15","SAMRAC","SAMRAC_G16","1","B",1,5,4,0.8
"SAMRAC_G16_2",24,"9",62,"15","SAMRAC","SAMRAC_G16","2","B",1,5,4,0.8
"SAMRAC_G16_3",35,"9",62,"9","SAMRAC","SAMRAC_G16","3","B",1,5,4,0.8
"SAMRAC_G16_4",62,"9",62,"9","SAMRAC","SAMRAC_G16","4","B",1,5,4,0.8
"SAMRAC_G16_5",35,"9",62,"10","SAMRAC","SAMRAC_G16","5","B",0,5,4,0.8
"SAMRAC_G17_1",14,"9",62,"15","SAMRAC","SAMRAC_G17","1","B",1,6,6,1
"SAMRAC_G17_2",40,"9",62,"15","SAMRAC","SAMRAC_G17","2","B",1,6,6,1
"SAMRAC_G17_3",31,"9",62,"9","SAMRAC","SAMRAC_G17","3","B",1,6,6,1
"SAMRAC_G17_4",31,"13",62,"15","SAMRAC","SAMRAC_G17","4","B",1,6,6,1
"SAMRAC_G17_5",31,"13",62,"15","SAMRAC","SAMRAC_G17","5","B",1,6,6,1
"SAMRAC_G17_6",31,"12",62,"15","SAMRAC","SAMRAC_G17","6","B",1,6,6,1
"SAMRAC_G18_1",38,"9",80,"15","SAMRAC","SAMRAC_G18","1","B",1,5,5,1
"SAMRAC_G18_2",38,"9",80,"15","SAMRAC","SAMRAC_G18","2","B",1,5,5,1
"SAMRAC_G18_3",38,"9",83,"15","SAMRAC","SAMRAC_G18","3","B",1,5,5,1
"SAMRAC_G18_4",40,"10",88,"15","SAMRAC","SAMRAC_G18","4","B",1,5,5,1
"SAMRAC_G18_5",40,"9",88,"15","SAMRAC","SAMRAC_G18","5","B",1,5,5,1
